水质类别,水温(℃),pH(无量纲),溶解氧(mg/L),电导率(μS/cm),浊度(NTU),高锰酸盐指数(mg/L),氨氮(mg/L),总磷(mg/L),总氮(mg/L)
Ⅱ类,23.6,7.91,9.48,505.0,21.3,2.97,0.098,0.027,4.03
Ⅱ类,26.4,7.96,7.21,444.2,13.2,3.28,0.081,0.037,3.27
Ⅱ类,27.9,7.52,7.66,744.1,12.0,3.95,0.079,0.073,5.44
劣Ⅵ类,27.8,7.39,3.77,637.5,6.7,6.82,2.443,0.266,7.3
Ⅱ类,24.5,7.76,8.64,795.1,15.7,3.95,0.287,0.078,7.8
Ⅱ类,23.1,7.76,7.97,792.7,21.1,2.94,0.086,0.08,8.17
Ⅱ类,22.3,7.89,9.28,478.0,5.8,3.45,0.06,0.012,3.84
Ⅳ类,29.3,7.64,4.56,811.2,12.9,2.95,0.071,0.069,3.46
Ⅲ类,29.3,7.89,8.0,1110.7,6.2,3.55,0.038,0.135,5.19
Ⅲ类,29.4,7.78,6.6,1224.9,17.1,3.88,0.055,0.126,5.83
Ⅳ类,24.0,7.09,4.41,483.2,21.2,3.93,0.237,0.12,7.26
Ⅱ类,28.5,8.14,9.65,391.9,5.6,2.49,0.048,0.006,3.66
Ⅲ类,25.0,8.08,8.17,409.5,75.7,4.38,0.398,0.06,5.19
Ⅱ类,28.1,8.2,14.22,531.5,4.2,3.17,0.24,0.044,2.98
Ⅴ类,29.7,7.67,2.26,895.3,19.7,3.7,0.748,0.127,1.11
Ⅴ类,29.4,7.64,3.75,1130.9,26.4,4.39,1.661,0.25,3.46
Ⅴ类,29.6,7.6,2.51,902.6,30.2,3.86,1.972,0.208,3.32
Ⅴ类,30.4,7.53,2.87,951.7,34.2,3.69,0.2,0.094,1.97
Ⅱ类,30.8,7.69,6.95,272.1,1.6,1.42,0.051,0.005,0.89
劣Ⅵ类,27.1,7.41,0.005,898.6,33.7,3.53,1.25,0.125,2.24
Ⅳ类,27.0,7.65,3.87,902.4,25.5,3.46,0.191,0.144,3.98
Ⅲ类,28.8,7.9,6.43,2282.2,14.1,4.83,0.384,0.174,2.6
劣Ⅵ类,18.9,7.88,1.61,2040.8,51.4,4.08,0.107,0.078,0.95
Ⅳ类,27.2,7.81,4.38,5704.8,629.9,7.04,0.197,0.192,2.87
Ⅴ类,27.8,7.66,2.53,1471.5,32.5,4.67,0.107,0.124,1.17
Ⅳ类,30.3,7.06,3.27,761.5,24.3,4.75,0.407,0.169,2.33
Ⅴ类,23.0,8.37,2.7,6615.9,127.5,7.6,0.366,0.257,1.59
Ⅲ类,29.2,8.84,10.77,411.1,75.5,4.75,0.088,0.034,2.88
Ⅳ类,26.9,8.28,9.82,371.7,12.6,6.03,0.115,0.056,3.52
Ⅲ类,24.2,7.68,7.61,731.3,21.4,2.75,0.186,0.153,11.04
Ⅱ类,24.2,7.64,6.83,527.0,43.8,1.71,0.088,0.087,8.26
Ⅲ类,22.2,7.86,6.5,1091.9,37.2,1.37,0.662,0.043,4.86
Ⅰ类,30.4,8.64,9.21,284.1,1.7,1.85,0.028,0.01,0.8
Ⅳ类,28.8,7.37,4.83,590.2,44.5,3.99,0.024,0.093,3.28
Ⅲ类,28.6,7.45,7.61,821.2,15.8,5.07,0.008,0.165,5.0
Ⅲ类,19.7,7.87,8.67,502.7,89.8,4.05,0.054,0.085,5.43
Ⅱ类,32.0,6.96,7.38,45136.0,3.4,1.94,0.065,0.037,1.14
Ⅲ类,30.9,7.56,5.86,917.6,13.0,4.27,0.547,0.071,2.5
Ⅳ类,29.7,7.99,5.93,1332.1,27.7,5.32,0.237,0.246,7.1
Ⅳ类,27.6,7.51,3.0,729.9,201.2,5.48,0.734,0.291,6.44
Ⅱ类,25.0,8.17,8.48,540.3,65.2,1.87,0.013,0.047,4.32
劣Ⅵ类,22.8,8.15,6.38,1016.9,1328.1,7.63,0.005,0.458,15.1
Ⅳ类,23.1,8.12,9.72,1008.0,1051.4,7.93,0.892,0.273,4.59
Ⅲ类,28.8,7.96,5.26,10992.0,86.8,5.42,0.709,0.11,2.81
劣Ⅵ类,28.9,8.36,1.96,3906.2,38.3,6.37,0.168,0.226,1.28
Ⅳ类,28.7,7.57,3.34,896.1,4.4,7.83,0.046,0.108,0.97
Ⅱ类,26.3,7.71,6.56,521.2,24.5,3.8,0.055,0.08,4.67
Ⅱ类,30.4,7.82,6.04,775.4,20.5,3.12,0.052,0.04,0.4
Ⅳ类,30.7,8.05,16.39,690.9,17.7,4.43,0.558,0.207,3.24
Ⅲ类,30.4,8.15,6.2,836.1,1.7,4.57,0.008,0.072,0.55
Ⅲ类,30.1,8.38,7.31,1593.3,36.7,4.97,0.06,0.028,0.62
Ⅲ类,31.3,7.91,5.68,343.1,3.8,2.29,0.067,0.012,0.75
Ⅳ类,29.5,7.52,4.44,681.9,6.1,4.62,0.014,0.028,0.7
Ⅱ类,24.6,8.37,7.6,1158.2,10.6,3.99,0.26,0.082,1.01
Ⅳ类,25.8,8.69,10.24,768.5,91.2,6.97,0.011,0.138,1.76
Ⅳ类,27.3,8.03,8.9,2019.5,9.0,4.05,1.134,0.214,11.31
Ⅱ类,26.2,8.25,8.45,652.3,45.9,2.64,0.009,0.05,3.34
Ⅲ类,27.4,7.7,5.24,483.4,25.5,3.65,0.02,0.05,1.81
Ⅳ类,23.8,7.66,3.33,665.5,7.7,3.27,0.248,0.03,1.08
Ⅳ类,26.3,7.59,4.81,670.3,48.5,4.12,0.052,0.103,4.15
Ⅱ类,24.5,8.15,7.1,551.7,70.4,3.17,0.005,0.037,3.15
Ⅱ类,19.8,8.27,8.61,685.7,49.6,2.49,0.04,0.035,4.89
Ⅲ类,25.4,8.44,11.46,705.4,18.1,4.03,0.113,0.093,2.32
Ⅲ类,24.4,8.48,8.86,552.6,31.6,4.92,0.014,0.051,1.34
Ⅳ类,27.5,8.61,13.21,1193.3,87.0,9.09,0.011,0.177,5.85
Ⅲ类,24.3,7.4,8.51,1366.9,24.1,3.8,0.174,0.191,7.85
Ⅳ类,29.8,8.11,4.36,3669.3,236.3,6.93,0.134,0.286,11.68
Ⅴ类,26.4,7.24,2.52,1148.8,55.3,5.15,0.354,0.296,5.3
Ⅳ类,22.6,8.37,7.74,733.9,764.0,6.07,0.011,0.232,4.17
Ⅳ类,28.1,8.44,6.16,799.9,606.1,5.19,0.018,0.219,6.59
Ⅳ类,28.0,7.71,3.65,987.0,322.0,4.75,0.318,0.069,6.94
Ⅲ类,20.0,7.99,6.27,557.5,156.2,3.63,0.021,0.177,4.08
Ⅴ类,24.4,8.26,7.03,605.6,1881.2,4.5,0.016,0.327,3.53
Ⅲ类,26.5,8.2,6.9,676.7,58.3,3.45,0.214,0.161,5.53
Ⅱ类,23.6,8.54,8.98,681.6,43.2,3.47,0.003,0.059,5.63
Ⅳ类,27.0,7.7,4.29,721.3,59.1,4.38,0.405,0.159,3.55
Ⅴ类,24.3,8.61,9.56,1082.4,66.0,12.31,0.402,0.315,8.48
Ⅱ类,24.8,8.34,7.97,1054.1,82.0,1.73,0.069,0.029,1.12
Ⅳ类,24.9,8.59,6.71,2873.3,46.3,6.64,0.076,0.06,1.16
Ⅰ类,18.8,8.44,10.17,728.5,6.9,1.59,0.015,0.005,8.27
Ⅴ类,24.1,7.15,3.8,826.7,7.2,10.09,1.342,0.149,9.04
Ⅱ类,25.9,7.47,6.37,277.5,4.4,2.37,0.017,0.072,5.87
Ⅲ类,29.3,8.18,11.24,347.9,26.4,3.9,0.024,0.167,1.86
Ⅲ类,27.9,8.11,9.06,546.7,11.3,4.11,0.005,0.093,4.67
Ⅲ类,28.0,8.06,9.19,632.4,3.8,4.81,0.007,0.087,4.9
Ⅰ类,27.6,8.78,11.12,145.3,5.0,1.72,0.005,0.018,1.67
劣Ⅵ类,29.7,9.19,29.64,541.6,24.5,8.94,0.041,0.196,4.44
Ⅱ类,24.1,8.44,9.68,289.7,8.1,1.73,0.025,0.025,4.96
Ⅳ类,22.2,7.15,8.07,205.8,65.6,3.82,0.155,0.212,3.46
Ⅱ类,21.3,7.54,8.29,244.9,25.6,2.5,0.026,0.052,7.98
Ⅱ类,17.1,7.9,12.75,265.4,18.3,2.26,0.044,0.046,4.58
Ⅱ类,18.3,7.74,7.85,358.3,30.5,2.44,0.072,0.079,4.58
Ⅱ类,18.7,7.74,8.98,215.2,25.3,2.19,0.02,0.047,4.21
Ⅰ类,22.0,8.1,11.32,206.8,2.7,1.13,0.002,0.009,7.01
Ⅲ类,20.4,7.18,5.73,160.1,7.8,0.97,0.008,0.024,2.75
Ⅱ类,22.4,7.53,11.56,154.4,11.1,1.23,0.064,0.042,4.17
Ⅲ类,25.8,7.9,5.77,645.5,107.6,3.94,0.027,0.131,5.06
Ⅱ类,26.5,7.98,10.11,789.2,21.2,2.72,0.005,0.077,7.52
Ⅱ类,24.0,8.3,11.88,467.6,7.9,2.99,0.061,0.064,2.0
Ⅲ类,24.4,7.73,6.62,584.5,27.0,2.86,0.064,0.118,4.21
Ⅴ类,18.4,7.65,2.2,858.9,49.3,3.77,0.011,0.097,5.63
Ⅰ类,25.8,7.9,8.7,240.9,7.3,1.69,0.021,0.02,5.18
Ⅳ类,28.0,8.4,7.94,515.8,29.0,6.93,0.123,0.135,4.91
Ⅲ类,21.6,7.29,5.3,348.2,154.3,4.61,0.238,0.17,4.01
Ⅱ类,21.8,8.04,10.57,413.6,8.2,0.76,0.045,0.03,2.93
Ⅱ类,25.3,8.32,8.36,745.6,27.5,2.63,0.027,0.071,8.64
Ⅲ类,21.0,8.1,8.52,852.2,154.9,3.9,0.173,0.142,13.87
Ⅱ类,20.5,8.13,8.65,578.1,68.5,1.47,0.007,0.061,4.49
Ⅲ类,22.2,7.45,6.67,576.6,4.1,2.6,0.182,0.101,8.23
Ⅲ类,27.2,7.84,7.8,922.8,27.6,3.44,0.097,0.189,8.04
Ⅲ类,23.7,7.96,5.96,297.0,41.9,3.2,0.048,0.043,1.5
Ⅲ类,20.6,6.99,8.31,168.7,154.3,5.57,0.246,0.163,4.75
Ⅳ类,19.8,7.43,3.37,374.7,165.5,6.23,0.087,0.274,5.05
Ⅲ类,18.9,7.2,9.43,166.1,230.8,5.2,0.124,0.2,7.87
Ⅳ类,22.2,6.83,4.66,161.7,190.4,7.14,0.116,0.191,5.48
Ⅲ类,19.1,7.12,9.35,161.4,289.4,5.08,0.114,0.2,6.82
Ⅲ类,21.7,6.73,8.35,135.9,52.1,5.62,0.032,0.132,3.5
Ⅲ类,24.8,7.81,7.11,423.8,102.0,4.28,0.022,0.136,1.85
Ⅱ类,20.6,7.6,9.76,105.3,34.3,2.13,0.015,0.032,2.46
Ⅱ类,15.8,7.61,9.86,95.8,25.7,3.6,0.044,0.061,1.52
Ⅰ类,9.8,7.9,7.6,287.8,8.8,0.84,0.001,0.02,1.81
Ⅲ类,24.3,6.73,7.33,205.8,42.0,4.79,0.104,0.093,3.7
Ⅳ类,26.0,7.12,6.34,121.6,49.3,9.93,0.198,0.119,2.04
Ⅳ类,15.5,7.56,10.51,80.2,35.6,9.66,0.023,0.083,1.24
Ⅲ类,22.6,7.61,7.6,227.7,68.3,3.47,0.02,0.109,2.44
Ⅲ类,22.4,6.91,8.37,103.4,27.3,5.42,0.028,0.078,1.23
Ⅱ类,13.7,7.78,10.56,213.6,19.5,1.32,0.048,0.068,0.77
Ⅳ类,27.4,6.96,5.58,128.3,79.9,7.16,0.061,0.201,2.97
Ⅳ类,26.5,7.11,3.09,195.3,167.0,7.4,0.103,0.19,3.35
Ⅳ类,27.4,7.28,6.53,262.0,163.6,8.66,0.202,0.21,2.82
Ⅳ类,27.7,7.17,3.3,195.2,108.1,5.61,0.121,0.09,5.9
Ⅳ类,23.1,7.3,7.89,98.3,132.0,8.1,0.021,0.082,1.14
Ⅴ类,25.7,7.35,6.06,96.6,263.2,12.95,0.01,0.238,0.78
Ⅳ类,28.6,6.76,4.9,177.2,239.1,9.04,0.176,0.161,2.12
Ⅲ类,24.0,8.09,11.18,254.8,17.7,5.81,0.022,0.077,1.12
Ⅳ类,29.5,7.13,6.62,100.1,35.1,8.63,0.099,0.154,0.86
Ⅴ类,24.8,7.58,8.35,98.5,46.9,12.01,0.049,0.049,0.48
Ⅳ类,29.8,7.6,6.58,252.7,51.9,7.02,0.089,0.168,1.0
Ⅴ类,24.1,7.3,8.69,91.1,14.0,11.26,0.018,0.055,1.56
Ⅴ类,26.8,8.15,8.96,98.5,40.0,12.78,0.011,0.117,0.87
Ⅲ类,24.3,7.13,7.97,124.3,16.8,4.04,0.008,0.061,2.78
Ⅳ类,24.5,7.18,6.36,179.8,197.7,7.1,0.072,0.174,3.49
Ⅳ类,23.9,6.98,7.88,88.6,13.8,7.61,0.007,0.06,2.29
Ⅲ类,27.5,6.83,5.87,192.1,75.2,5.67,0.038,0.172,3.18
Ⅳ类,25.9,7.34,7.1,77.8,26.3,9.14,0.054,0.043,0.81
Ⅳ类,25.6,6.83,7.16,169.8,70.1,6.12,0.146,0.089,2.48
Ⅳ类,21.8,6.98,5.48,122.3,101.4,5.49,0.086,0.1,2.91
Ⅳ类,18.4,7.19,8.5,59.3,7.9,8.35,0.024,0.028,0.32
劣Ⅵ类,31.9,7.37,1.08,499.0,435.1,4.62,0.917,0.274,3.24
Ⅳ类,31.3,7.22,3.35,519.3,32.8,4.56,0.32,0.191,2.54
Ⅴ类,31.9,7.54,2.87,540.8,129.1,3.95,0.018,0.163,2.13
劣Ⅵ类,31.4,7.34,1.46,553.2,69.3,3.64,0.259,0.176,3.0
Ⅳ类,33.1,7.36,3.19,485.8,41.6,3.34,0.004,0.103,1.75
Ⅴ类,30.0,7.4,2.34,532.9,34.3,2.59,0.082,0.11,2.39
劣Ⅵ类,31.0,7.25,1.69,514.8,93.9,3.62,0.489,0.183,3.08
Ⅴ类,30.7,7.21,2.32,481.4,38.3,3.89,0.497,0.229,2.29
Ⅳ类,32.1,7.6,3.15,427.7,49.8,3.08,0.611,0.138,1.96
Ⅳ类,31.3,7.42,3.6,527.9,15.4,3.31,0.037,0.097,1.93
Ⅴ类,32.1,7.26,2.87,388.5,23.9,3.57,0.088,0.076,1.72
Ⅴ类,31.8,7.53,2.82,567.4,46.8,4.16,0.165,0.174,2.01
Ⅲ类,28.3,7.52,5.38,562.7,102.1,4.52,0.079,0.119,1.44
Ⅲ类,31.4,7.71,5.65,368.4,30.7,2.61,0.039,0.105,1.37
Ⅳ类,25.0,7.4,4.36,383.9,12.6,5.11,0.593,0.099,1.67
劣Ⅵ类,29.6,7.01,0.63,444.5,37.7,5.29,0.894,0.162,2.15
劣Ⅵ类,29.1,7.27,0.41,424.3,12.4,5.0,1.138,0.163,2.96
Ⅲ类,32.3,8.45,7.04,444.9,23.7,2.0,0.026,0.03,0.5
Ⅳ类,31.2,8.61,7.11,426.8,48.5,3.42,0.055,0.071,0.89
Ⅳ类,32.5,8.21,3.86,521.1,29.4,4.71,0.495,0.07,1.07
Ⅴ类,31.6,7.38,2.86,449.7,50.7,3.96,0.102,0.135,2.4
Ⅴ类,31.4,7.32,2.05,451.9,56.8,5.13,0.056,0.124,1.82
Ⅳ类,32.2,7.11,4.71,390.0,38.5,2.33,0.122,0.142,2.4
Ⅲ类,32.5,8.89,8.54,437.3,15.5,3.03,0.006,0.045,0.64
Ⅱ类,34.1,7.75,6.62,359.1,37.5,2.0,0.078,0.067,1.79
Ⅱ类,29.0,7.13,7.4,152.4,1.7,2.23,0.034,0.025,2.2
Ⅴ类,31.4,7.06,2.8,374.6,28.7,3.93,0.119,0.092,2.43
Ⅲ类,29.5,7.71,5.68,287.6,38.3,2.01,0.26,0.114,2.0
Ⅲ类,32.3,8.08,6.46,493.2,23.3,3.43,0.231,0.114,1.43
劣Ⅵ类,28.0,9.01,20.06,400.0,13.4,5.0,0.011,0.171,4.81
Ⅳ类,28.2,7.23,4.17,665.2,15.4,3.66,0.416,0.224,6.81
劣Ⅵ类,29.9,7.52,1.51,1329.6,25.1,5.82,0.035,0.1,1.56
Ⅲ类,29.6,8.66,10.26,1385.3,1.6,4.89,0.014,0.058,0.6
Ⅲ类,29.7,8.64,10.4,1180.5,6.4,4.99,0.01,0.051,0.75
Ⅳ类,30.4,8.0,6.6,1439.7,14.1,6.74,0.071,0.088,1.16
Ⅳ类,28.5,7.54,4.68,1039.2,8.0,2.99,0.128,0.125,2.7
Ⅴ类,29.2,7.28,2.34,454.9,30.2,5.82,0.685,0.214,3.09
Ⅴ类,27.1,7.6,5.15,822.8,38.9,4.66,0.306,0.359,7.44
劣Ⅵ类,29.6,7.37,4.99,842.7,20.8,8.9,0.492,0.481,2.8
Ⅲ类,33.1,7.64,6.69,409.5,19.2,4.46,0.225,0.086,3.7
Ⅳ类,29.8,7.53,3.16,374.7,24.8,3.46,0.371,0.132,2.04
Ⅲ类,31.5,7.63,5.87,292.4,18.7,4.57,0.182,0.07,1.33
Ⅲ类,27.9,7.79,5.44,315.1,26.5,2.54,0.197,0.093,1.88
Ⅲ类,31.2,7.6,6.13,506.4,24.1,2.47,0.102,0.121,2.4
Ⅴ类,30.3,7.04,2.09,578.5,31.8,4.73,0.441,0.151,1.98
Ⅴ类,29.6,7.18,2.95,598.2,34.4,3.48,0.164,0.109,1.05
劣Ⅵ类,31.2,7.34,1.89,569.3,109.8,3.89,0.3,0.167,2.48
Ⅴ类,31.2,7.32,2.06,478.0,25.8,5.43,1.064,0.147,2.08
Ⅴ类,30.5,7.21,2.69,610.4,38.8,3.94,0.396,0.197,2.83
Ⅴ类,29.6,7.33,2.25,884.0,96.6,7.23,1.4,0.397,3.2
Ⅲ类,29.1,7.71,5.11,311.4,48.3,1.77,0.016,0.067,1.32
Ⅳ类,29.3,7.66,4.17,380.7,40.4,2.66,0.18,0.134,21.16
Ⅴ类,30.0,7.45,2.54,479.0,57.1,2.88,0.033,0.19,2.16
劣Ⅵ类,27.7,7.3,0.23,887.3,26.0,6.79,1.384,0.399,3.08
劣Ⅵ类,29.1,7.43,1.37,948.6,43.4,7.15,0.95,0.398,3.59
Ⅴ类,28.3,7.28,4.71,727.2,13.8,6.57,1.861,0.201,5.99
Ⅳ类,27.6,7.36,3.34,832.2,69.3,6.46,1.091,0.239,3.31
劣Ⅵ类,28.2,7.36,0.8,1015.3,21.5,7.52,0.972,0.309,5.9
劣Ⅵ类,27.0,7.09,3.27,701.4,14.1,8.95,3.45,0.217,7.06
Ⅳ类,27.6,7.51,6.27,619.7,13.9,5.37,0.033,0.207,5.0
Ⅴ类,26.3,7.38,2.84,667.7,111.3,5.51,1.863,0.173,3.32
Ⅴ类,27.5,7.31,2.05,631.9,16.0,5.34,0.12,0.2,4.97
Ⅲ类,26.8,7.54,10.2,1242.7,46.2,4.42,0.301,0.128,5.26
Ⅳ类,27.3,8.69,14.03,3074.8,26.6,6.49,0.135,0.139,5.05
劣Ⅵ类,26.0,7.33,5.83,625.6,20.6,6.36,0.324,0.5,5.41
Ⅳ类,27.6,8.03,9.66,440.1,16.6,6.36,0.012,0.097,2.8
Ⅳ类,26.6,7.44,6.39,622.7,42.5,4.87,0.131,0.232,3.94
劣Ⅵ类,28.8,7.46,0.95,1017.5,20.5,7.31,1.42,0.298,5.4
Ⅴ类,27.7,7.52,2.41,538.0,14.9,6.84,1.328,0.272,6.72
Ⅳ类,29.6,7.5,4.84,356.8,52.0,4.05,0.147,0.12,2.17
Ⅴ类,28.0,7.1,2.79,395.2,28.6,7.58,1.336,0.137,3.92
Ⅳ类,26.4,7.24,3.3,574.8,42.8,4.34,0.399,0.155,2.33
Ⅴ类,27.4,7.31,2.72,491.6,125.5,5.35,0.964,0.229,1.76
劣Ⅵ类,27.6,7.36,1.97,850.3,89.6,6.86,1.186,0.229,3.58
Ⅴ类,29.0,7.25,2.33,689.5,14.9,5.33,0.014,0.19,1.99
Ⅴ类,27.7,7.17,2.37,593.0,34.7,8.04,1.647,0.244,3.82
Ⅲ类,29.2,7.43,5.01,696.8,68.6,3.54,0.04,0.148,2.06
Ⅴ类,28.5,7.33,2.06,446.1,14.6,3.7,0.141,0.134,1.56
劣Ⅵ类,29.4,7.44,0.99,647.9,11.9,7.66,1.821,0.243,4.31
劣Ⅵ类,29.3,7.24,0.23,612.6,16.4,5.42,0.308,0.168,2.58
劣Ⅵ类,27.7,7.27,1.97,878.8,28.1,8.67,1.051,0.203,4.13
劣Ⅵ类,26.2,7.15,0.64,868.7,19.7,7.45,1.777,0.323,4.42
Ⅳ类,28.6,7.87,4.42,767.7,25.4,3.27,0.038,0.106,1.3
劣Ⅵ类,27.4,7.36,0.36,1359.2,64.2,6.26,1.273,0.418,4.14
Ⅳ类,27.4,7.75,5.22,447.6,206.7,6.23,0.194,0.135,2.73
Ⅲ类,32.4,7.87,6.07,522.7,63.3,5.85,0.332,0.116,2.47
Ⅴ类,28.2,7.14,2.9,699.6,49.5,7.19,1.57,0.218,4.16
Ⅴ类,29.4,7.14,2.06,541.3,33.2,6.33,1.035,0.231,2.91
Ⅴ类,29.9,7.51,2.09,597.9,33.0,4.62,1.061,0.193,2.24
Ⅳ类,29.6,7.57,4.71,281.2,45.3,2.41,0.1,0.079,1.42
劣Ⅵ类,29.0,7.24,1.3,578.2,33.0,7.67,1.87,0.299,3.61
Ⅳ类,29.0,7.5,3.21,323.9,40.6,2.85,0.233,0.097,1.58
劣Ⅵ类,30.1,7.26,1.48,321.2,3.6,2.93,0.46,0.085,1.21
Ⅳ类,29.7,7.33,3.14,326.1,23.0,2.79,0.054,0.111,1.92
劣Ⅵ类,29.5,7.33,1.47,442.0,38.6,4.65,0.587,0.135,2.44
Ⅱ类,29.7,7.88,6.96,326.1,38.2,2.34,0.01,0.06,1.69
劣Ⅵ类,29.4,7.31,0.81,428.2,9.6,3.16,1.155,0.215,2.42
Ⅱ类,29.5,7.84,6.03,306.7,44.9,2.13,0.028,0.075,1.7
劣Ⅵ类,29.9,6.91,1.37,374.2,22.2,2.88,0.092,0.125,1.72
Ⅳ类,29.0,7.96,4.33,857.7,24.9,4.01,0.112,0.114,2.16
Ⅳ类,30.2,8.11,7.47,741.9,21.2,8.32,0.526,0.1,2.87
Ⅴ类,29.6,7.54,2.69,655.3,33.9,6.93,0.195,0.285,2.54
劣Ⅵ类,29.8,7.24,0.86,583.8,15.2,6.72,1.561,0.287,3.36
Ⅲ类,29.9,8.7,9.69,1276.5,10.3,5.91,0.198,0.069,1.35
Ⅴ类,29.1,7.39,4.06,738.4,18.2,9.91,0.79,0.32,4.78
Ⅳ类,30.0,7.44,4.68,259.4,19.8,2.93,0.133,0.067,2.54
Ⅳ类,31.7,7.07,4.3,218.1,53.1,3.1,0.208,0.073,3.24
Ⅱ类,25.3,7.12,6.24,144.7,20.8,1.68,0.02,0.038,1.61
Ⅲ类,17.5,7.13,5.9,154.2,10.5,1.15,0.002,0.018,0.85
Ⅱ类,29.5,7.38,6.07,174.8,16.9,2.74,0.064,0.066,1.91
Ⅴ类,32.6,7.14,2.29,301.9,35.6,2.77,0.141,0.123,2.25
Ⅱ类,25.0,7.33,7.94,150.3,16.2,1.24,0.0001,0.054,1.51
Ⅱ类,29.2,8.65,9.92,105.3,1.1,1.36,0.011,0.038,1.12
Ⅴ类,32.3,7.28,2.56,353.4,29.3,4.86,0.077,0.114,3.06
Ⅲ类,34.5,7.3,5.04,208.4,23.7,2.51,0.105,0.076,2.31
Ⅲ类,32.8,7.45,6.05,125.4,16.2,4.47,0.032,0.049,0.86
Ⅳ类,33.2,7.25,3.48,223.7,43.3,4.01,0.258,0.124,2.58
Ⅰ类,27.6,7.41,8.19,47.6,25.4,1.68,0.014,0.02,0.72
Ⅲ类,34.0,6.43,5.51,76.2,35.1,1.18,0.055,0.045,1.45
Ⅳ类,29.1,7.98,3.44,9919.0,1518.0,1.63,0.263,0.139,1.79
Ⅱ类,30.9,6.84,7.51,71.8,15.7,0.53,0.018,0.021,0.87
Ⅰ类,30.2,7.56,8.52,47.2,6.2,1.58,0.026,0.018,0.59
Ⅴ类,31.7,7.63,2.49,31540.0,1277.0,1.43,0.365,0.067,2.14
Ⅳ类,32.0,7.27,3.08,657.8,26.7,4.51,0.342,0.112,2.65
Ⅲ类,31.1,7.59,6.03,606.7,13.4,2.88,0.046,0.105,0.74
Ⅳ类,33.1,7.06,3.1,483.3,22.2,4.64,0.1,0.104,1.72
Ⅴ类,33.0,7.2,2.15,441.7,50.8,4.93,0.33,0.153,2.89
Ⅴ类,31.2,6.98,2.44,509.8,20.8,4.28,0.117,0.133,1.65
Ⅴ类,31.5,7.18,2.31,408.7,26.8,3.57,0.148,0.163,3.07
劣Ⅵ类,32.5,7.19,1.92,624.9,48.7,6.14,0.558,0.175,4.25
劣Ⅵ类,32.6,7.32,1.41,539.1,19.2,6.61,0.547,0.22,3.13
Ⅴ类,31.5,7.12,2.61,541.5,43.9,4.69,0.146,0.102,2.16
劣Ⅵ类,32.1,7.24,1.53,488.9,24.4,4.98,0.38,0.216,2.26
Ⅴ类,32.8,7.38,2.73,536.4,54.8,6.22,0.017,0.17,2.81
Ⅳ类,33.0,7.41,3.08,502.9,23.9,6.27,0.05,0.21,2.97
Ⅴ类,31.2,7.11,2.19,309.0,69.3,4.14,0.126,0.145,2.72
Ⅳ类,31.2,7.23,3.5,291.8,37.5,3.02,0.243,0.053,1.99
Ⅱ类,32.5,8.84,8.17,290.7,41.5,3.8,0.054,0.058,1.28
Ⅳ类,33.4,7.22,3.39,349.5,45.2,3.67,0.095,0.107,3.12
Ⅲ类,30.9,7.08,5.54,177.1,12.3,1.45,0.043,0.04,2.4
Ⅱ类,32.8,8.61,6.29,250.9,41.2,3.31,0.079,0.038,1.97
Ⅱ类,24.9,6.86,7.26,121.2,7.4,1.85,0.044,0.028,1.44
Ⅱ类,28.5,6.45,6.86,162.1,6.7,1.85,0.048,0.027,1.86
Ⅲ类,30.9,6.57,5.09,161.6,6.3,1.8,0.088,0.044,2.04
Ⅳ类,32.5,7.44,4.42,335.5,35.0,3.98,0.186,0.069,1.44
Ⅳ类,32.2,7.58,4.31,371.6,25.1,3.78,0.051,0.067,2.41
Ⅴ类,31.9,7.19,2.51,341.2,17.8,3.83,1.041,0.12,3.37
Ⅳ类,32.5,7.28,4.76,325.3,24.6,4.02,0.423,0.056,1.84
Ⅲ类,30.4,8.48,6.49,367.7,10.9,4.87,0.012,0.062,2.45
Ⅲ类,30.7,6.98,5.88,143.0,17.0,3.1,0.152,0.085,2.36
Ⅴ类,32.7,6.9,2.69,383.3,84.6,3.85,0.056,0.127,3.1
Ⅱ类,31.8,7.35,6.73,179.3,14.5,2.44,0.068,0.047,3.26
Ⅳ类,30.0,7.23,5.44,503.5,8.5,4.47,0.875,0.205,4.78
Ⅳ类,33.5,7.12,3.07,370.6,6.5,3.46,0.09,0.162,2.68
Ⅲ类,31.8,7.23,6.07,319.3,13.2,3.2,0.235,0.152,3.16
Ⅱ类,28.4,7.84,7.92,151.9,34.9,2.3,0.071,0.083,2.24
Ⅱ类,30.7,7.83,9.68,149.2,4.1,1.5,0.02,0.028,1.24
Ⅲ类,32.2,7.66,8.25,309.2,13.3,3.97,0.083,0.147,3.41
Ⅲ类,31.4,8.58,10.9,223.3,6.7,3.53,0.108,0.133,2.39
Ⅱ类,31.2,7.25,8.21,184.1,6.7,3.07,0.006,0.086,1.88
Ⅱ类,29.6,7.34,6.76,165.8,4.3,1.28,0.02,0.05,1.72
Ⅱ类,28.9,7.1,6.05,167.9,10.2,1.73,0.02,0.065,1.59
Ⅱ类,27.2,7.36,7.52,147.6,5.0,1.14,0.012,0.025,1.26
Ⅱ类,29.3,7.47,7.31,161.1,18.4,2.15,0.018,0.04,1.53
Ⅳ类,24.7,6.62,4.91,47.1,29.3,1.26,0.03,0.04,1.16
Ⅱ类,25.7,7.12,7.73,52.9,23.5,2.02,0.047,0.043,0.6
劣Ⅵ类,31.3,7.2,0.94,1060.0,17.4,3.46,0.353,0.133,1.82
Ⅳ类,30.6,7.69,3.48,12681.3,2013.0,3.32,0.045,0.065,1.39
Ⅲ类,32.1,7.59,6.64,944.5,23.3,5.1,0.181,0.149,2.54
劣Ⅵ类,32.0,9.26,17.85,314.5,28.5,3.64,0.016,0.087,2.36
Ⅱ类,31.0,7.8,8.29,138.1,36.2,2.3,0.193,0.098,1.98
Ⅱ类,31.0,7.22,6.28,127.0,7.3,2.85,0.075,0.053,1.64
Ⅱ类,29.8,6.85,6.98,98.1,24.8,1.51,0.031,0.057,1.94
Ⅰ类,30.4,8.62,8.8,54.0,2.7,1.62,0.028,0.01,0.65
Ⅱ类,30.4,7.13,6.71,104.1,17.0,1.57,0.055,0.06,1.76
Ⅱ类,26.2,6.95,8.05,35.6,24.4,2.13,0.138,0.082,0.83
Ⅱ类,30.7,7.21,7.35,139.3,4.0,1.69,0.049,0.043,2.03
Ⅱ类,24.6,7.76,9.71,26.7,8.8,1.8,0.243,0.016,0.38
Ⅲ类,30.1,7.69,5.27,364.4,39.1,5.42,0.193,0.111,1.05
Ⅳ类,30.8,7.74,7.31,315.4,14.8,7.06,0.234,0.044,2.64
Ⅳ类,30.0,7.42,3.94,465.4,41.8,5.11,0.32,0.131,2.76
Ⅴ类,29.0,7.23,2.58,350.4,27.4,3.47,0.812,0.159,5.0
Ⅴ类,28.1,6.74,2.94,220.9,77.7,6.43,1.096,0.188,4.38
劣Ⅵ类,29.2,6.9,1.69,313.6,56.4,6.67,0.997,0.136,2.82
Ⅳ类,29.9,8.86,7.92,289.8,34.7,4.4,0.027,0.096,1.04
劣Ⅵ类,29.0,6.58,1.5,321.0,47.4,5.84,1.56,0.18,3.77
劣Ⅵ类,29.9,7.1,1.3,537.5,41.5,5.6,0.865,0.18,5.23
Ⅴ类,27.2,7.32,6.31,272.4,50.5,5.28,0.453,0.114,2.05
Ⅳ类,28.9,8.83,7.94,240.0,23.1,4.89,0.007,0.065,0.96
Ⅳ类,29.3,8.59,8.68,345.3,31.3,4.6,0.049,0.067,0.43
Ⅳ类,30.1,7.37,3.12,476.6,17.6,3.01,0.277,0.073,1.97
劣Ⅵ类,29.6,7.11,1.66,417.8,26.2,6.96,0.976,0.195,3.73
Ⅲ类,30.1,7.79,5.71,245.5,28.5,1.52,0.088,0.079,1.61
Ⅲ类,27.7,7.07,5.95,109.1,23.0,2.23,0.051,0.047,1.35
Ⅳ类,29.6,7.35,3.82,371.1,55.1,4.88,0.185,0.078,1.46
Ⅳ类,28.5,7.37,3.79,372.6,13.5,3.5,0.137,0.064,1.89
Ⅳ类,28.3,7.08,4.7,149.9,21.1,3.44,0.094,0.05,1.41
劣Ⅵ类,29.6,6.94,1.52,314.7,53.0,5.71,0.341,0.082,1.76
Ⅲ类,28.2,7.36,5.2,428.6,38.0,4.04,0.091,0.139,1.41
Ⅴ类,29.0,7.71,2.56,843.4,18.0,5.36,0.313,0.124,2.38
Ⅴ类,29.0,7.29,2.1,388.1,25.9,3.92,0.111,0.159,1.15
劣Ⅵ类,28.7,7.81,0.07,1642.8,25.5,4.99,0.147,0.102,0.65
Ⅴ类,30.0,7.07,2.5,350.3,26.4,3.91,0.063,0.08,1.9
Ⅲ类,29.8,7.35,5.7,292.6,20.3,2.99,0.055,0.076,1.48
Ⅳ类,30.4,7.88,6.54,860.0,11.0,6.35,0.288,0.059,1.6
Ⅴ类,29.8,7.32,2.67,393.0,32.6,3.87,0.003,0.079,2.22
Ⅲ类,29.2,8.39,6.81,622.8,14.5,5.44,0.029,0.035,0.55
Ⅱ类,29.3,6.57,6.15,150.0,29.0,2.84,0.03,0.049,1.48
劣Ⅵ类,31.4,6.98,1.56,330.5,33.1,5.99,0.044,0.116,4.33
Ⅲ类,29.2,7.6,5.41,293.0,34.9,2.81,0.053,0.056,2.13
Ⅴ类,28.2,7.02,2.55,333.9,59.2,7.71,1.082,0.326,3.6
Ⅲ类,29.9,7.08,5.54,266.9,39.4,4.18,0.005,0.062,1.36
Ⅳ类,27.6,7.75,4.89,297.2,45.8,2.21,0.056,0.061,1.2
Ⅴ类,27.5,7.16,2.26,613.6,19.1,3.14,0.393,0.185,4.36
Ⅲ类,30.0,7.79,5.24,1534.9,5.9,3.9,0.27,0.1,1.54
Ⅳ类,30.0,8.78,8.32,1474.4,117.7,6.61,0.036,0.125,1.22
劣Ⅵ类,28.9,8.12,0.79,1412.0,11.3,7.01,0.088,0.085,0.73
Ⅱ类,27.1,7.16,6.84,398.8,12.0,3.11,0.016,0.046,1.35
Ⅲ类,29.5,7.63,5.75,250.6,30.2,1.88,0.045,0.058,1.61
Ⅲ类,30.7,7.86,6.39,198.5,8.7,3.55,0.003,0.029,0.57
Ⅲ类,30.0,7.47,5.65,243.1,26.3,2.05,0.037,0.048,1.94
Ⅱ类,29.3,9.0,8.62,84.3,2.5,2.07,0.005,0.018,0.57
劣Ⅵ类,28.0,7.37,0.38,355.0,56.0,3.92,0.325,0.073,0.62
Ⅱ类,25.8,7.04,7.86,68.1,71.0,2.9,0.085,0.073,1.13
Ⅱ类,26.9,7.77,7.51,165.8,14.4,1.33,0.003,0.056,1.5
Ⅱ类,26.9,8.01,9.11,201.6,3.1,2.23,0.006,0.036,1.67
劣Ⅵ类,27.2,6.88,0.7,539.3,107.9,5.88,0.506,0.151,3.08
Ⅳ类,30.2,7.17,5.09,449.0,36.9,6.38,0.226,0.132,2.1
Ⅳ类,29.1,6.86,4.45,328.0,53.3,3.35,0.008,0.131,1.8
Ⅳ类,27.4,7.16,5.6,435.7,98.6,6.7,0.352,0.292,3.16
Ⅴ类,28.5,7.19,3.72,439.0,73.4,7.37,0.164,0.339,2.89
Ⅲ类,31.0,7.71,5.84,891.5,14.3,3.2,0.042,0.102,2.91
Ⅲ类,30.6,7.66,5.61,812.3,21.5,3.51,0.089,0.17,2.03
Ⅳ类,31.9,7.93,4.3,1126.5,44.1,5.46,0.361,0.085,1.58
Ⅲ类,31.4,7.67,5.69,236.3,32.6,4.02,0.126,0.092,2.28
Ⅳ类,31.8,7.48,4.64,752.8,18.3,2.81,0.349,0.138,2.11
Ⅳ类,30.3,7.47,4.88,701.7,2.8,6.53,0.011,0.152,0.72
Ⅴ类,27.9,7.55,2.96,834.1,19.0,2.41,0.011,0.095,2.68
劣Ⅵ类,28.8,7.14,4.24,872.5,21.5,6.8,2.556,0.362,5.82
Ⅳ类,29.8,8.13,3.35,1959.0,36.8,5.46,0.122,0.098,1.33
Ⅲ类,29.3,7.14,5.74,956.8,7.7,5.49,0.042,0.163,1.95
Ⅲ类,30.2,8.27,7.86,1248.7,9.6,5.34,0.064,0.099,1.88
Ⅲ类,29.8,8.64,11.47,347.2,10.2,4.76,0.009,0.058,0.62
Ⅱ类,25.0,7.39,7.78,83.9,25.6,2.35,0.057,0.035,2.22
Ⅲ类,29.7,8.97,7.13,267.0,13.9,4.44,0.022,0.037,0.64
Ⅱ类,26.4,7.74,8.29,117.2,23.6,2.72,0.041,0.037,1.2
Ⅲ类,15.5,6.96,5.81,76.6,3.1,2.47,0.006,0.005,0.91
Ⅱ类,30.3,8.34,7.33,100.6,4.0,1.68,0.01,0.036,0.2
劣Ⅵ类,28.3,9.04,10.73,141.5,5.7,2.32,0.007,0.03,0.8
劣Ⅵ类,28.1,7.89,1.1,1476.7,55.3,4.85,0.118,0.101,1.25
劣Ⅵ类,30.3,7.8,1.46,1493.4,20.6,5.42,0.12,0.123,1.14
Ⅲ类,30.7,8.3,5.62,741.4,6.5,5.04,0.05,0.064,0.84
Ⅲ类,29.2,7.7,5.35,239.6,32.4,1.58,0.036,0.046,1.87
Ⅱ类,25.4,7.34,6.31,181.7,19.8,2.08,0.037,0.036,1.48
Ⅳ类,29.4,7.4,4.22,221.7,4.9,3.45,0.041,0.046,1.52
Ⅱ类,27.2,7.64,6.42,196.6,14.2,2.15,0.061,0.031,1.0
Ⅳ类,30.1,7.18,3.63,267.5,18.3,7.53,0.113,0.106,2.46
Ⅲ类,25.8,7.43,5.93,175.3,36.0,1.95,0.125,0.11,1.89
Ⅲ类,28.4,7.17,6.14,241.7,61.4,4.37,0.383,0.134,2.99
Ⅲ类,28.0,7.63,5.57,444.8,10.3,4.18,0.595,0.099,2.86
Ⅳ类,28.3,7.22,4.48,196.5,25.9,3.47,0.002,0.039,1.41
Ⅲ类,30.2,6.88,5.65,96.1,6.4,1.29,0.015,0.049,1.22
Ⅲ类,31.4,7.15,6.2,281.0,106.4,4.01,0.217,0.144,2.2
Ⅱ类,29.9,7.11,6.48,72.1,31.1,2.37,0.063,0.078,1.1
Ⅱ类,29.1,8.92,9.1,40.0,5.3,2.09,0.02,0.024,0.5
Ⅱ类,32.0,8.51,8.22,114.0,2.2,2.25,0.041,0.029,0.94
Ⅲ类,30.0,7.26,7.09,122.3,42.7,4.08,0.094,0.12,1.67
Ⅱ类,30.0,6.3,7.85,177.8,2.5,1.59,0.053,0.062,0.44
Ⅲ类,29.6,7.03,5.77,122.7,19.7,1.95,0.231,0.158,3.15
Ⅲ类,31.4,7.74,8.14,130.1,28.6,2.18,0.031,0.116,1.15
Ⅲ类,28.0,6.98,5.83,60.5,1.2,1.61,0.027,0.026,0.89
Ⅲ类,29.2,6.94,7.01,108.1,22.6,3.38,0.187,0.108,2.59
Ⅱ类,27.1,6.8,6.82,82.4,3.1,1.41,0.028,0.034,1.08
Ⅲ类,30.2,7.11,5.76,164.7,4.2,2.4,0.013,0.066,1.52
Ⅱ类,29.5,7.07,7.41,85.4,2.2,2.27,0.059,0.081,2.06
Ⅱ类,30.1,7.46,14.37,117.0,4.4,2.2,0.049,0.041,0.83
Ⅴ类,29.6,6.98,5.0,145.6,67.9,5.63,1.586,0.183,3.3
Ⅲ类,28.0,7.15,7.47,133.2,8.1,1.95,0.097,0.115,2.26
Ⅳ类,31.7,7.08,4.43,151.6,12.8,1.25,0.268,0.095,2.5
Ⅲ类,28.4,7.12,5.51,217.2,19.4,1.63,0.117,0.09,1.71
Ⅲ类,29.9,6.49,5.15,144.7,17.4,2.67,0.169,0.107,6.16
Ⅱ类,30.0,6.56,6.44,203.0,26.8,1.81,0.067,0.096,11.38
Ⅱ类,28.8,7.09,6.73,200.9,27.5,1.63,0.34,0.093,1.88
Ⅳ类,31.0,6.67,3.05,474.4,233.4,3.18,0.21,0.171,3.14
Ⅴ类,29.7,6.23,4.53,171.6,23.6,2.81,0.423,0.4,4.1
Ⅳ类,28.6,6.73,4.2,154.9,8.6,2.19,0.557,0.162,5.76
Ⅳ类,30.4,6.88,4.75,234.2,13.1,2.08,0.104,0.064,1.48
Ⅲ类,29.3,6.81,5.69,101.8,21.6,1.73,0.083,0.066,1.43
Ⅱ类,28.0,6.92,7.71,59.9,32.8,2.57,0.076,0.061,1.38
Ⅱ类,29.9,6.76,6.13,60.7,16.1,1.95,0.112,0.052,1.26
Ⅱ类,29.6,6.82,6.29,94.4,20.8,2.42,0.159,0.086,1.51
Ⅲ类,30.9,6.93,5.83,89.9,3.2,2.28,0.097,0.035,1.12
Ⅱ类,29.9,6.95,7.33,83.3,8.7,2.21,0.042,0.058,1.19
Ⅲ类,28.0,7.17,6.5,76.1,38.9,3.17,0.186,0.163,2.14
Ⅱ类,27.9,7.49,7.59,284.9,26.1,1.23,0.004,0.078,1.99
Ⅳ类,31.3,6.92,3.61,191.6,9.5,1.45,0.118,0.096,1.55
Ⅳ类,31.2,7.0,4.93,122.4,66.1,3.36,0.063,0.127,1.75
Ⅲ类,28.2,7.2,6.97,56.7,9.9,2.78,0.064,0.113,1.69
Ⅲ类,28.7,7.13,6.32,53.1,27.8,2.11,0.036,0.109,1.74
Ⅱ类,29.9,6.84,6.69,65.4,11.2,1.7,0.043,0.096,1.59
Ⅲ类,28.2,7.21,5.45,151.9,12.5,1.42,0.049,0.061,1.63
Ⅲ类,29.1,6.43,5.09,188.9,30.0,4.21,0.11,0.08,2.42
Ⅲ类,31.0,7.15,5.59,137.0,13.3,1.52,0.062,0.069,1.39
Ⅳ类,29.9,6.32,3.09,191.5,11.6,1.94,0.082,0.106,2.08
Ⅱ类,30.9,7.09,6.1,84.3,18.6,3.01,0.053,0.064,1.44
Ⅱ类,29.6,8.04,6.21,179.2,15.8,1.91,0.032,0.066,1.88
Ⅱ类,31.4,7.53,6.22,157.0,17.8,2.56,0.216,0.074,1.25
Ⅲ类,27.7,6.93,5.46,112.1,22.7,3.22,0.06,0.067,1.65
Ⅱ类,27.8,7.07,6.87,191.7,16.6,2.07,0.052,0.042,0.94
Ⅱ类,26.0,6.71,6.01,130.1,32.3,1.87,0.07,0.071,1.36
Ⅱ类,26.2,7.77,6.74,234.7,24.5,2.98,0.104,0.069,1.08
Ⅲ类,28.8,7.76,5.67,309.2,18.2,3.35,0.07,0.124,2.44
Ⅲ类,29.4,7.77,6.62,357.1,7.0,2.59,0.108,0.117,2.34
Ⅳ类,27.2,7.43,4.3,396.2,11.3,2.84,0.139,0.098,1.66
Ⅱ类,27.4,6.67,6.42,86.8,50.4,2.82,0.23,0.066,1.34
Ⅱ类,29.3,7.54,6.28,306.2,17.7,2.04,0.071,0.063,1.28
Ⅲ类,29.8,6.73,6.07,125.9,8.2,2.68,0.052,0.031,1.18
Ⅲ类,26.8,6.59,6.45,75.0,57.7,3.41,0.333,0.103,1.59
Ⅲ类,28.0,6.66,5.02,118.8,6.8,1.02,0.022,0.027,1.01
Ⅲ类,26.9,7.19,5.12,183.9,57.0,3.78,0.112,0.095,1.51
Ⅲ类,30.6,7.28,5.26,333.7,16.7,4.32,0.473,0.094,2.17
Ⅱ类,31.3,8.03,7.51,376.0,10.3,2.47,0.059,0.056,1.02
Ⅳ类,30.5,7.22,4.81,372.7,9.5,3.12,0.452,0.056,2.38
Ⅲ类,31.1,8.52,6.11,200.9,6.8,4.41,0.084,0.041,1.21
Ⅱ类,28.8,6.68,6.34,79.4,11.0,2.5,0.199,0.072,1.26
Ⅱ类,29.5,7.23,6.28,131.4,12.9,2.37,0.114,0.075,1.26
Ⅲ类,29.8,6.88,5.69,138.6,10.9,2.18,0.051,0.084,1.69
Ⅱ类,29.6,7.15,6.67,103.1,6.8,1.63,0.071,0.029,0.92
Ⅱ类,30.6,7.52,7.84,137.2,27.6,1.66,0.037,0.037,1.43
Ⅱ类,29.9,7.43,6.12,149.8,7.4,2.04,0.087,0.096,1.67
Ⅲ类,29.8,7.23,6.48,121.4,11.5,3.6,0.147,0.109,1.72
Ⅲ类,30.8,7.22,5.39,130.7,8.2,2.46,0.223,0.107,1.55
Ⅲ类,30.1,7.19,5.42,104.9,29.8,2.82,0.166,0.105,1.3
Ⅱ类,29.3,7.78,8.25,132.7,37.4,2.65,0.056,0.071,0.95
Ⅱ类,27.3,6.94,6.42,85.7,8.6,1.67,0.081,0.019,0.62
Ⅱ类,28.6,7.49,7.54,111.0,29.6,1.44,0.05,0.039,0.86
劣Ⅵ类,30.7,7.05,1.21,227.2,0.2,0.76,0.012,0.041,1.67
Ⅱ类,28.7,7.19,7.21,109.5,26.9,1.55,0.136,0.067,0.97
Ⅱ类,24.5,7.2,7.58,85.9,8.6,1.67,0.05,0.034,0.91
Ⅱ类,29.8,8.04,10.94,107.0,3.3,2.29,0.025,0.022,2.67
Ⅱ类,31.8,7.32,6.07,145.6,11.1,1.68,0.09,0.049,1.24
Ⅲ类,31.8,7.16,5.78,124.9,7.8,3.52,0.044,0.05,1.02
Ⅳ类,29.2,7.28,4.75,151.9,13.4,2.92,0.096,0.041,0.87
Ⅲ类,30.6,6.8,5.09,103.0,35.7,3.33,0.303,0.104,1.35
Ⅲ类,30.7,7.16,5.76,114.6,29.0,2.6,0.365,0.133,1.7
Ⅲ类,31.7,7.36,5.06,203.8,14.8,2.28,0.148,0.04,1.12
Ⅱ类,30.8,7.51,6.98,143.8,10.3,1.94,0.054,0.046,1.16
Ⅳ类,28.2,7.16,4.67,201.1,18.5,4.08,0.249,0.166,1.81
Ⅱ类,29.7,7.19,8.23,144.0,149.1,1.92,0.02,0.046,1.21
Ⅳ类,28.9,7.14,4.68,163.8,29.6,3.42,0.46,0.106,2.07
Ⅲ类,30.2,7.14,5.78,139.5,47.4,2.93,0.119,0.124,1.88
Ⅲ类,26.7,6.71,8.0,50.7,63.8,3.52,0.151,0.152,1.49
Ⅱ类,24.5,6.9,8.0,37.0,14.3,1.43,0.007,0.028,0.92
Ⅲ类,28.9,7.52,7.48,105.1,47.2,3.64,0.149,0.127,2.03
Ⅱ类,28.3,6.86,6.12,78.9,29.4,3.54,0.203,0.088,1.73
Ⅱ类,27.1,6.47,6.49,96.6,16.4,3.22,0.223,0.076,1.78
Ⅲ类,29.0,6.57,5.7,99.7,20.2,2.0,0.155,0.045,1.0
Ⅳ类,29.6,6.57,5.43,101.2,23.0,3.25,0.086,0.086,1.18
Ⅲ类,29.2,6.92,5.65,253.8,19.5,1.6,0.255,0.049,1.08
Ⅴ类,31.6,6.57,2.33,98.6,15.8,2.25,0.011,0.058,1.12
Ⅱ类,29.1,7.36,6.75,141.5,12.6,2.28,0.027,0.091,1.28
Ⅱ类,27.1,6.61,6.34,88.3,22.2,2.18,0.179,0.038,1.49
Ⅱ类,29.2,6.83,7.84,250.2,8.2,1.61,0.04,0.027,0.85
Ⅲ类,29.7,7.17,5.78,134.8,10.1,2.02,0.072,0.087,1.28
Ⅲ类,29.4,6.78,5.12,138.5,13.4,1.86,0.02,0.091,1.69
Ⅲ类,29.9,7.54,5.98,525.5,4.5,3.22,0.026,0.008,2.2
Ⅰ类,28.1,8.14,10.16,512.1,9.5,1.01,0.021,0.006,5.55
Ⅳ类,26.8,8.86,13.5,847.0,11.7,6.42,0.137,0.042,2.01
Ⅱ类,27.9,7.63,7.31,898.6,5.2,2.84,0.008,0.024,5.27
劣Ⅵ类,28.2,9.05,11.42,371.5,6.9,5.68,0.007,0.048,1.04
Ⅴ类,28.6,7.66,15.38,1168.2,7.2,4.49,0.292,0.312,4.18
Ⅰ类,27.1,8.32,10.73,669.7,6.5,1.22,0.014,0.018,18.0
Ⅳ类,27.4,7.62,4.99,1215.1,7.8,4.03,0.086,0.053,1.34
Ⅲ类,29.9,7.97,9.36,1344.3,5.5,4.62,0.013,0.061,2.78
Ⅳ类,31.1,7.66,10.42,4820.7,54.5,8.17,0.085,0.097,3.78
Ⅳ类,27.6,8.33,5.26,615.1,42.8,8.84,0.036,0.101,1.85
劣Ⅵ类,28.6,7.62,0.5,3366.9,52.5,4.91,0.568,0.209,3.91
Ⅳ类,29.6,8.83,9.81,782.9,14.0,6.36,0.027,0.051,1.64
Ⅱ类,30.8,7.8,7.75,1547.1,18.2,4.0,0.068,0.047,12.24
Ⅲ类,30.0,7.91,7.31,634.2,19.1,4.61,0.027,0.073,1.29
Ⅴ类,30.6,7.6,2.79,2145.0,49.0,5.75,0.442,0.252,4.16
Ⅳ类,30.1,7.81,3.87,1504.1,27.8,6.37,0.661,0.23,4.18
Ⅲ类,30.6,7.8,7.32,1488.5,11.7,4.75,0.309,0.131,1.69
Ⅲ类,29.7,8.13,8.21,1373.0,16.6,5.63,0.088,0.076,1.87
Ⅴ类,27.6,7.7,2.75,992.7,18.3,4.49,0.21,0.143,2.6
Ⅲ类,29.5,7.39,5.48,593.3,28.4,4.57,0.237,0.07,1.75
Ⅳ类,31.5,8.78,15.39,1488.6,28.5,8.3,0.026,0.16,2.95
Ⅲ类,30.2,7.73,11.3,1084.6,26.2,4.8,0.859,0.114,3.49
劣Ⅵ类,29.9,7.72,1.73,1146.5,16.0,4.92,0.256,0.257,3.25
Ⅳ类,29.7,7.61,5.93,1589.5,30.0,6.2,0.303,0.166,3.58
Ⅱ类,30.2,8.03,7.98,980.7,16.5,3.95,0.034,0.009,3.67
劣Ⅵ类,29.2,7.73,1.88,1048.2,38.1,5.39,2.558,0.315,5.06
Ⅱ类,31.0,7.91,9.92,722.7,5.3,3.61,0.088,0.03,2.4
Ⅲ类,27.1,8.01,10.36,984.4,58.8,2.28,0.011,0.124,26.18
Ⅳ类,29.0,8.88,10.81,1048.1,19.2,8.18,0.108,0.126,2.56
劣Ⅵ类,24.1,7.49,2.79,639.4,14.0,4.84,2.192,0.4,5.57
劣Ⅵ类,26.3,7.64,7.12,556.2,4.1,6.94,0.161,0.426,5.85
Ⅴ类,27.7,8.54,20.79,454.8,13.5,6.87,0.137,0.334,8.16
Ⅴ类,28.4,7.56,5.89,638.7,15.1,6.53,1.111,0.328,5.44
劣Ⅵ类,25.7,7.4,1.23,753.9,36.8,6.08,0.7,0.304,5.43
Ⅱ类,31.4,7.95,9.91,1432.6,81.0,2.47,0.066,0.068,3.15
Ⅲ类,25.4,8.41,7.16,1586.5,32.0,5.22,0.03,0.057,0.96
Ⅲ类,30.0,7.92,7.05,1257.9,42.5,2.81,0.056,0.134,4.55
Ⅳ类,29.0,7.81,8.14,2757.3,49.2,6.8,0.185,0.125,3.56
Ⅲ类,26.9,7.85,5.47,1911.3,133.7,4.04,0.033,0.087,1.87
Ⅱ类,24.3,8.1,9.1,1106.6,4.5,1.5,0.045,0.026,1.2
Ⅳ类,30.9,8.09,8.31,1679.1,20.3,5.06,1.22,0.214,5.31
Ⅳ类,31.4,7.9,5.43,1759.1,18.7,4.52,0.657,0.282,5.77
Ⅲ类,29.0,7.79,9.47,2662.0,38.4,5.64,0.109,0.062,2.27
Ⅴ类,31.6,7.44,9.83,8295.0,51.1,10.67,0.088,0.144,2.28
劣Ⅵ类,28.6,7.67,0.98,1226.3,82.8,7.31,1.539,0.256,5.45
Ⅳ类,29.0,7.83,4.08,1109.0,43.7,6.98,0.818,0.258,3.92
Ⅲ类,31.0,7.97,6.44,614.6,18.8,2.75,0.193,0.144,2.88
Ⅱ类,30.1,8.78,8.89,267.3,1.5,2.3,0.01,0.007,0.3
Ⅳ类,26.6,7.73,5.83,918.3,71.8,3.0,0.079,0.225,2.77
Ⅱ类,28.8,8.08,8.57,485.2,2.3,2.08,0.019,0.035,1.9
Ⅱ类,25.9,8.03,7.26,510.9,11.7,2.08,0.013,0.041,2.79
Ⅱ类,23.7,8.1,9.08,295.3,12.9,3.25,0.005,0.023,2.38
Ⅲ类,31.2,7.57,5.77,720.6,13.7,2.14,0.074,0.187,2.88
Ⅱ类,29.9,8.37,8.74,567.7,23.9,1.91,0.191,0.031,2.3
Ⅱ类,32.7,7.98,8.48,589.9,4.0,3.17,0.005,0.023,2.76
Ⅱ类,30.7,8.2,7.73,521.1,2.4,2.76,0.004,0.011,0.65
Ⅱ类,30.8,7.98,8.41,439.9,10.4,3.06,0.006,0.047,2.88
Ⅳ类,29.2,7.47,3.82,514.0,7.3,4.7,0.82,0.234,5.45
Ⅰ类,31.7,7.99,9.51,528.2,6.1,0.98,0.003,0.011,3.57
Ⅲ类,29.7,8.15,6.49,866.1,65.3,2.4,0.35,0.149,7.07
Ⅳ类,30.7,7.56,3.05,1478.5,118.0,4.24,0.084,0.272,7.54
Ⅰ类,31.3,8.37,13.68,458.9,2.4,0.84,0.002,0.014,5.79
Ⅳ类,29.9,7.64,3.42,1426.9,103.6,3.78,0.457,0.169,6.68
Ⅳ类,30.2,7.88,5.43,1950.3,63.5,4.78,0.485,0.22,7.7
Ⅳ类,32.3,7.87,4.84,1065.5,16.2,2.97,0.101,0.109,2.75
Ⅳ类,31.5,7.69,5.26,724.0,55.3,7.38,0.225,0.251,3.69
Ⅲ类,30.7,7.97,8.45,837.5,86.5,2.35,0.03,0.123,4.61
Ⅳ类,28.3,7.58,4.86,1445.0,50.9,2.61,0.378,0.245,10.48
Ⅳ类,23.9,7.55,6.51,1349.7,144.2,3.81,0.121,0.204,8.62
Ⅴ类,29.3,7.6,2.05,1171.9,25.9,3.96,0.301,0.104,0.91
Ⅱ类,31.0,8.57,12.33,971.4,7.8,2.34,0.165,0.014,1.18
Ⅳ类,28.3,7.52,4.09,690.7,49.3,7.56,1.119,0.241,2.09
Ⅱ类,31.2,8.46,9.85,858.7,4.4,2.18,0.014,0.011,4.29
Ⅱ类,32.0,7.89,6.29,879.7,23.5,3.25,0.032,0.053,2.23
Ⅱ类,32.3,7.76,6.11,636.9,5.4,2.77,0.042,0.07,1.31
Ⅳ类,29.7,7.69,4.75,1588.6,12.8,3.69,0.039,0.15,2.92
Ⅲ类,30.0,7.44,5.86,345.8,8.7,2.43,0.008,0.034,0.86
Ⅲ类,31.4,7.45,5.62,775.0,39.3,5.3,0.431,0.165,4.56
Ⅱ类,32.4,7.98,7.6,585.8,10.4,3.32,0.022,0.046,1.6
Ⅰ类,31.7,8.47,7.61,267.1,2.2,1.96,0.005,0.009,0.74
Ⅱ类,30.5,8.5,7.34,258.2,3.8,1.13,0.005,0.008,0.77
Ⅱ类,30.1,8.53,9.97,204.6,5.6,3.45,0.001,0.011,0.54
Ⅴ类,30.4,7.64,6.92,537.1,22.4,9.18,0.49,0.317,2.38
Ⅱ类,32.1,8.31,11.23,432.3,13.1,2.93,0.005,0.025,1.58
Ⅲ类,32.6,7.81,6.7,375.5,37.5,4.01,0.007,0.053,0.91
Ⅲ类,31.4,7.88,7.83,1133.7,6.5,4.87,0.054,0.084,1.0
Ⅲ类,28.4,8.06,7.43,1261.3,9.2,4.65,0.122,0.081,1.64
Ⅴ类,30.6,7.75,6.42,969.8,1348.3,6.08,1.245,0.376,8.98
Ⅴ类,29.0,7.92,16.07,1117.2,25.8,12.25,0.015,0.222,2.41
Ⅲ类,31.2,7.68,5.56,368.5,5.3,3.63,0.025,0.043,0.55
Ⅲ类,28.3,7.86,6.1,301.0,17.1,5.54,0.023,0.072,0.99
Ⅲ类,28.5,7.06,6.55,148.3,32.6,3.45,0.053,0.163,1.38
Ⅲ类,32.1,7.42,5.81,192.1,70.5,3.42,0.005,0.101,1.5
Ⅲ类,27.6,7.29,5.71,154.6,35.0,2.95,0.06,0.171,1.49
Ⅱ类,27.1,7.37,8.15,118.8,23.0,2.48,0.031,0.082,0.98
Ⅱ类,32.2,7.87,6.29,708.1,16.0,3.31,0.023,0.088,0.55
Ⅳ类,30.9,7.56,3.66,1299.0,23.8,4.8,0.319,0.108,3.51
Ⅳ类,30.9,7.88,6.09,606.1,70.0,3.68,0.58,0.216,2.23
Ⅳ类,32.2,7.42,4.23,637.7,53.9,2.94,0.396,0.115,2.06
Ⅲ类,32.2,8.02,10.29,607.2,10.4,4.21,0.02,0.032,1.09
Ⅴ类,31.4,7.56,2.16,824.3,22.2,3.64,0.543,0.148,4.33
Ⅲ类,31.0,8.32,9.17,1058.9,11.6,4.28,0.028,0.045,0.91
Ⅲ类,31.2,7.59,5.54,986.0,113.6,5.5,0.041,0.142,2.42
Ⅳ类,31.7,7.5,4.14,640.2,22.2,3.72,0.085,0.183,1.79
Ⅳ类,31.2,7.37,4.25,962.4,16.7,3.62,1.058,0.194,5.75
Ⅲ类,29.1,7.29,6.05,569.6,7.7,3.16,0.018,0.116,2.1
Ⅲ类,32.3,7.87,5.66,698.7,25.9,3.1,0.061,0.159,1.06
Ⅳ类,29.7,7.74,3.51,1078.3,38.4,2.21,0.012,0.053,3.01
劣Ⅵ类,32.1,7.08,1.29,375.3,50.8,4.28,0.271,0.118,2.64
Ⅳ类,32.8,6.77,3.03,148.1,255.3,5.41,0.048,0.167,2.37
Ⅲ类,32.0,7.8,5.73,365.3,24.6,2.24,0.006,0.061,1.35
劣Ⅵ类,33.4,9.42,17.55,159.0,13.0,5.88,0.005,0.105,0.79
Ⅲ类,32.7,8.92,9.27,143.5,11.6,5.94,0.007,0.059,1.34
Ⅴ类,30.4,7.23,2.47,240.7,46.5,3.92,0.099,0.056,0.93
Ⅲ类,32.1,7.72,8.51,458.9,13.6,5.16,0.018,0.107,0.71
Ⅲ类,31.2,7.34,6.26,376.7,21.2,5.08,0.021,0.081,0.88
劣Ⅵ类,32.9,7.05,0.23,367.1,49.7,5.68,0.248,0.133,1.86
Ⅱ类,29.1,7.78,6.79,298.1,42.4,1.73,0.026,0.069,1.52
Ⅳ类,29.0,7.76,4.1,205.5,17.0,2.0,0.137,0.055,1.63
Ⅲ类,31.9,7.4,5.62,333.0,25.4,3.48,0.192,0.079,0.8
Ⅱ类,32.2,8.0,7.17,375.9,4.6,2.24,0.013,0.04,0.89
Ⅱ类,22.2,7.71,8.4,238.7,10.7,1.93,0.045,0.063,0.94
Ⅲ类,31.6,7.62,9.73,420.4,16.9,2.57,0.062,0.105,2.04
Ⅱ类,32.6,8.55,9.06,186.4,3.0,2.23,0.018,0.021,1.13
Ⅰ类,31.9,8.49,9.8,250.2,0.8,1.01,0.118,0.008,0.96
Ⅰ类,31.2,8.63,9.82,238.9,4.0,1.54,0.066,0.016,0.87
Ⅰ类,32.0,8.79,10.78,178.5,5.6,1.55,0.002,0.007,0.17
Ⅰ类,32.4,8.52,10.72,218.2,1.0,1.7,0.003,0.018,0.72
Ⅲ类,29.4,8.43,11.43,496.9,6.5,4.16,0.025,0.085,2.66
Ⅰ类,30.6,8.24,9.23,366.3,5.6,1.41,0.013,0.014,1.12
Ⅲ类,29.9,7.77,7.53,707.7,6.9,3.82,0.082,0.116,5.16
Ⅱ类,29.8,8.05,6.14,405.2,12.2,1.19,0.048,0.02,0.93
Ⅱ类,25.2,7.83,6.73,455.3,14.2,2.15,0.021,0.046,1.86
Ⅰ类,26.9,8.07,11.91,365.6,6.0,1.75,0.005,0.016,2.04
Ⅲ类,31.7,7.53,7.14,481.3,40.5,4.24,0.048,0.133,2.73
Ⅱ类,30.4,8.28,6.71,308.8,5.5,2.34,0.01,0.012,1.1
Ⅳ类,33.0,7.7,4.32,516.6,17.3,3.57,0.067,0.141,1.2
Ⅱ类,29.3,7.84,7.28,318.0,22.5,2.22,0.011,0.063,0.64
Ⅳ类,32.5,7.63,6.45,679.8,7.8,6.27,0.017,0.059,1.21
Ⅱ类,16.6,7.77,7.45,344.4,1.3,1.19,0.021,0.006,1.31
Ⅲ类,31.1,7.93,8.5,523.5,37.2,2.46,0.055,0.109,1.0
Ⅱ类,28.9,7.84,8.05,329.9,3.8,2.66,0.035,0.05,1.23
Ⅱ类,30.5,7.79,6.75,370.0,28.1,1.93,0.02,0.049,2.64
Ⅲ类,32.4,8.32,5.42,191.3,14.0,5.66,0.094,0.007,0.96
Ⅱ类,30.5,8.35,8.39,352.1,8.0,3.27,0.004,0.027,1.18
Ⅱ类,31.9,7.89,8.19,342.3,7.4,2.41,0.027,0.04,1.18
Ⅲ类,31.4,7.44,5.73,452.3,13.2,4.1,0.144,0.141,3.12
劣Ⅵ类,33.0,7.21,1.35,1608.2,30.9,5.41,0.476,0.281,2.3
Ⅲ类,30.8,7.77,5.94,436.0,17.2,2.32,0.051,0.058,0.84
劣Ⅵ类,29.3,6.9,0.74,360.4,25.5,3.82,0.465,0.136,2.42
Ⅲ类,30.8,7.96,5.4,369.8,56.4,2.29,0.044,0.059,2.2
Ⅲ类,32.3,6.54,10.19,315.0,18.6,4.9,0.024,0.133,1.51
Ⅲ类,31.1,7.6,6.79,186.2,12.0,3.75,0.093,0.11,1.35
Ⅲ类,32.7,7.47,5.47,405.6,17.9,5.22,0.118,0.078,1.89
Ⅴ类,32.3,7.12,2.16,473.8,25.4,3.05,0.418,0.169,2.17
Ⅳ类,29.3,7.08,4.69,318.1,11.2,2.68,0.002,0.035,0.62
Ⅳ类,28.3,7.66,6.28,307.2,40.8,1.7,0.016,0.057,1.86
Ⅲ类,30.5,8.49,9.98,302.4,41.3,2.96,0.027,0.045,1.48
Ⅴ类,31.5,7.37,2.35,373.3,55.4,3.72,0.203,0.089,2.52
Ⅱ类,29.6,7.9,11.47,483.1,20.6,2.4,0.025,0.043,1.65
Ⅴ类,31.2,7.08,2.69,379.2,15.0,4.96,0.743,0.133,2.13
劣Ⅵ类,31.4,7.01,0.16,324.2,8.3,4.57,0.425,0.116,1.42
Ⅲ类,27.1,7.87,7.94,349.0,25.9,1.61,0.003,0.138,1.75
Ⅱ类,27.2,7.75,7.55,348.7,31.9,1.3,0.002,0.06,1.97
Ⅲ类,28.7,7.34,5.03,598.3,11.4,3.65,0.092,0.058,0.81
Ⅳ类,32.3,7.41,3.78,472.7,43.2,2.97,0.116,0.108,3.77
Ⅳ类,28.9,7.43,4.65,401.7,27.8,2.6,0.089,0.082,1.78
Ⅲ类,22.3,8.06,8.25,311.4,49.2,2.11,0.07,0.19,3.08
Ⅱ类,30.0,8.77,8.58,117.1,5.6,3.72,0.024,0.062,0.89
Ⅲ类,31.0,8.38,8.27,144.0,5.4,4.21,0.091,0.05,0.9
Ⅱ类,29.2,7.61,6.39,298.8,31.3,2.19,0.015,0.055,1.6
Ⅳ类,31.0,7.38,4.25,181.8,76.4,3.11,0.335,0.185,2.12
Ⅴ类,31.1,7.14,2.15,354.9,28.8,2.47,0.123,0.083,2.04
Ⅱ类,28.1,7.53,6.61,180.1,9.8,1.87,0.119,0.075,1.26
Ⅳ类,31.4,8.16,8.87,353.5,12.2,6.55,0.048,0.075,0.79
Ⅳ类,32.4,8.69,9.69,332.9,7.2,8.08,0.028,0.141,1.36
Ⅰ类,30.2,8.78,17.96,154.4,6.8,1.33,0.012,0.02,1.29
Ⅱ类,27.8,8.16,9.51,318.4,14.9,1.69,0.017,0.063,3.61
Ⅱ类,25.1,7.58,7.94,238.3,3.4,0.64,0.055,0.031,1.26
Ⅰ类,23.3,8.26,10.88,211.1,10.8,1.39,0.016,0.016,1.31
Ⅱ类,26.1,7.72,7.31,361.5,14.2,2.22,0.001,0.036,1.81
Ⅱ类,21.1,7.72,9.0,212.4,16.2,1.14,0.016,0.032,1.16
Ⅳ类,31.6,7.29,3.59,358.5,41.1,3.53,0.075,0.118,1.06
Ⅱ类,30.5,7.72,7.66,385.5,24.5,1.42,0.127,0.045,1.39
劣Ⅵ类,31.1,7.34,1.38,420.2,41.4,3.73,0.538,0.158,2.32
Ⅱ类,30.1,7.92,6.83,350.9,34.5,2.12,0.056,0.06,1.48
劣Ⅵ类,30.6,7.11,1.76,444.0,33.0,4.57,0.366,0.185,2.55
Ⅱ类,25.2,8.05,8.9,341.3,9.0,1.38,0.036,0.059,1.14
Ⅲ类,29.9,7.28,5.43,233.0,32.4,1.8,0.097,0.063,1.43
Ⅳ类,29.0,6.53,4.75,140.1,40.3,3.94,0.515,0.128,1.95
Ⅳ类,27.2,6.7,3.01,128.8,33.1,3.11,0.464,0.213,2.52
Ⅴ类,28.6,6.74,2.84,182.8,17.4,3.44,0.296,0.086,1.4
Ⅲ类,30.7,7.65,5.26,254.4,51.3,1.52,0.149,0.082,1.66
Ⅲ类,26.6,6.88,7.18,93.7,22.3,4.5,0.17,0.118,2.58
Ⅲ类,27.8,7.58,5.73,320.4,22.0,2.32,0.051,0.03,2.02
Ⅱ类,30.8,7.98,6.84,273.5,7.6,1.54,0.036,0.048,1.21
Ⅲ类,30.1,7.56,5.37,281.7,5.8,1.22,0.037,0.064,1.56
Ⅱ类,28.9,8.02,6.07,151.9,32.0,1.81,0.147,0.086,1.19
Ⅲ类,28.6,7.1,5.9,255.1,3.4,1.98,0.102,0.066,1.6
Ⅳ类,29.0,6.67,4.36,131.8,22.9,3.25,0.24,0.078,1.08
Ⅲ类,30.4,7.27,5.53,133.2,16.6,2.91,0.142,0.058,1.56
Ⅱ类,30.0,8.1,7.4,188.3,9.3,1.52,0.087,0.054,1.31
Ⅴ类,30.8,7.39,2.82,260.4,29.5,4.37,0.2,0.166,2.3
Ⅱ类,29.0,7.75,6.05,344.6,10.0,2.68,0.368,0.098,2.2
Ⅱ类,26.6,8.21,8.76,353.8,13.2,1.18,0.018,0.041,1.75
Ⅳ类,31.0,7.65,5.73,216.7,30.8,0.8,0.001,0.052,1.01
Ⅳ类,25.0,7.26,4.39,260.3,27.9,2.12,0.154,0.179,1.2
Ⅱ类,28.0,7.76,6.3,284.0,40.8,1.17,0.018,0.064,1.07
Ⅱ类,28.5,7.78,7.24,380.4,27.9,1.21,0.091,0.058,1.86
Ⅴ类,33.0,7.14,2.59,349.6,15.3,2.28,0.049,0.104,1.49
Ⅳ类,29.3,6.72,4.54,105.5,28.0,1.43,0.211,0.144,1.52
Ⅲ类,30.0,6.76,5.12,112.3,16.5,3.71,0.204,0.084,1.3
Ⅱ类,30.0,7.54,6.6,180.2,31.8,1.36,0.076,0.02,1.09
Ⅱ类,28.7,8.06,6.84,217.6,5.9,0.48,0.006,0.049,1.08
Ⅱ类,29.5,7.96,6.73,260.7,21.5,1.97,0.099,0.039,1.35
Ⅲ类,27.6,8.02,7.78,352.3,31.4,1.62,0.002,0.147,2.1
Ⅱ类,28.1,7.8,8.42,179.7,5.3,1.2,0.074,0.038,1.19
Ⅱ类,25.7,7.81,9.77,200.5,31.4,1.17,0.042,0.078,0.72
Ⅱ类,27.3,8.08,10.12,352.6,17.9,2.32,0.005,0.053,1.7
Ⅱ类,27.8,7.21,7.25,142.3,85.4,1.59,0.01,0.064,3.77
Ⅱ类,28.5,7.5,7.05,201.4,25.2,1.36,0.013,0.033,1.62
Ⅳ类,30.2,7.09,4.92,159.1,35.7,3.33,0.131,0.115,1.49
Ⅱ类,29.6,7.4,6.37,166.6,29.7,1.5,0.021,0.05,0.77
Ⅱ类,29.6,8.11,8.65,177.5,2.1,1.01,0.024,0.032,1.21
Ⅱ类,25.8,7.97,7.96,206.8,43.7,1.38,0.166,0.042,1.71
Ⅱ类,24.1,6.92,7.92,76.7,18.8,1.88,0.033,0.064,0.62
Ⅱ类,22.4,7.56,8.78,231.2,3.5,0.86,0.028,0.033,1.38
Ⅳ类,31.7,7.46,4.38,371.7,5.0,2.02,0.444,0.052,2.31
Ⅱ类,28.4,7.33,7.06,159.9,13.0,1.06,0.01,0.05,1.18
Ⅱ类,29.1,7.83,6.69,320.3,3.0,1.25,0.208,0.016,2.11
Ⅱ类,29.1,7.54,6.89,162.3,21.7,1.42,0.006,0.042,0.88
Ⅱ类,28.7,7.75,6.57,350.1,574.6,3.72,0.005,0.073,2.49
Ⅲ类,27.4,7.64,7.16,229.4,469.0,4.8,0.008,0.071,2.05
Ⅲ类,28.9,6.72,5.14,299.1,95.8,3.45,0.001,0.068,2.61
Ⅱ类,27.0,6.99,6.49,84.4,17.8,1.92,0.04,0.044,1.1
Ⅳ类,28.8,7.38,4.7,200.2,58.3,2.54,0.008,0.046,2.85
Ⅱ类,27.3,6.44,7.3,69.6,32.9,1.25,0.057,0.058,1.31
Ⅲ类,28.6,6.72,5.86,74.5,23.0,1.19,0.098,0.062,1.34
Ⅴ类,29.2,7.07,2.21,288.4,39.6,2.89,0.31,0.128,3.03
劣Ⅵ类,28.2,6.77,1.78,228.2,63.6,3.2,0.137,0.086,2.56
Ⅳ类,30.5,6.78,4.54,130.1,42.1,1.48,0.119,0.09,2.0
Ⅱ类,28.4,7.9,6.86,212.4,15.4,1.16,0.009,0.041,1.11
Ⅱ类,30.1,7.1,7.43,92.5,12.5,1.85,0.002,0.044,0.86
Ⅱ类,28.4,7.32,6.64,155.7,12.6,1.84,0.036,0.059,1.06
劣Ⅵ类,27.6,6.67,0.27,273.0,38.5,4.55,0.977,0.21,3.17
Ⅳ类,28.8,7.26,3.66,554.7,32.0,3.27,1.166,0.201,5.3
Ⅲ类,27.9,7.63,5.97,262.3,96.4,2.14,0.015,0.079,2.28
Ⅴ类,29.1,6.86,2.45,529.3,44.0,3.63,1.428,0.152,2.96
Ⅱ类,28.9,7.15,6.38,107.8,24.4,0.93,0.017,0.028,1.56
劣Ⅵ类,30.2,7.5,7.15,455.2,32.4,5.15,2.378,0.244,4.25
Ⅱ类,29.3,7.24,6.89,99.2,10.0,1.34,0.039,0.042,1.28
Ⅲ类,29.3,6.84,5.56,104.2,9.7,2.62,0.019,0.047,1.53
Ⅲ类,32.9,6.72,5.59,117.5,31.1,1.68,0.003,0.055,1.38
Ⅱ类,28.7,7.56,6.26,179.2,88.4,2.23,0.01,0.071,2.46
Ⅲ类,28.5,7.53,5.35,184.3,28.5,1.64,0.002,0.057,2.44
Ⅱ类,27.3,6.89,6.19,210.4,129.2,2.07,0.117,0.054,2.08
Ⅳ类,28.3,7.05,4.5,201.5,64.8,3.08,0.062,0.142,1.89
Ⅳ类,28.8,6.64,3.01,136.2,25.2,3.8,0.183,0.16,2.15
Ⅲ类,29.6,7.03,5.53,121.7,11.1,4.05,0.017,0.027,1.0
Ⅳ类,31.5,6.83,4.68,149.6,14.3,4.03,0.051,0.092,1.63
Ⅳ类,30.4,7.07,5.87,138.4,21.8,6.42,0.02,0.17,2.07
Ⅳ类,31.9,6.64,3.29,192.7,19.5,5.33,0.679,0.069,3.26
Ⅳ类,30.1,6.9,4.78,178.8,15.3,5.54,0.03,0.135,2.51
Ⅳ类,30.6,6.56,4.43,124.6,31.0,4.0,0.05,0.156,2.28
Ⅲ类,30.2,6.91,6.3,120.8,17.6,3.52,0.074,0.175,2.21
Ⅳ类,30.4,6.34,4.44,222.3,60.7,5.17,0.287,0.242,2.66
Ⅲ类,29.2,6.76,6.07,112.7,57.2,3.6,0.142,0.165,1.9
Ⅲ类,27.9,7.19,6.86,95.8,114.1,2.7,0.12,0.135,2.06
Ⅱ类,28.1,7.24,6.27,116.7,46.5,1.56,0.033,0.089,2.02
Ⅱ类,27.7,7.47,6.9,248.6,139.0,3.26,0.004,0.08,4.87
Ⅱ类,27.0,7.0,6.94,118.1,127.6,3.38,0.18,0.083,1.46
Ⅲ类,27.7,7.15,5.75,201.7,146.3,3.52,0.02,0.046,4.22
Ⅲ类,27.7,7.52,5.89,197.9,166.8,4.43,0.008,0.06,4.88
Ⅴ类,28.7,6.87,2.25,269.7,20.1,2.38,0.312,0.137,3.91
Ⅱ类,28.1,7.02,6.85,99.7,39.6,1.53,0.077,0.063,2.12
Ⅳ类,28.4,6.84,3.91,125.1,20.0,2.0,0.149,0.092,2.09
Ⅲ类,28.8,6.8,5.9,109.0,14.8,1.9,0.018,0.076,1.84
Ⅳ类,28.4,6.84,3.08,203.5,37.1,2.63,0.281,0.1,2.32
Ⅲ类,27.9,6.67,5.38,69.9,25.3,3.55,0.101,0.101,1.88
Ⅴ类,28.5,7.19,3.5,734.0,14.6,4.81,1.739,0.263,6.88
Ⅴ类,28.3,7.17,6.42,158.5,152.3,6.02,0.34,0.322,2.14
Ⅱ类,29.3,7.76,7.39,283.8,6.1,2.01,0.026,0.05,1.6
Ⅲ类,30.4,7.03,5.29,150.4,25.8,1.63,0.032,0.057,1.96
Ⅳ类,30.5,6.79,4.46,138.8,15.7,2.29,0.214,0.069,1.8
Ⅳ类,29.0,6.81,4.66,94.6,65.4,2.43,0.471,0.091,3.12
Ⅳ类,28.9,7.11,4.81,120.7,15.6,1.96,0.111,0.051,1.76
Ⅳ类,28.1,6.49,3.9,84.3,27.1,4.15,0.163,0.098,1.03
Ⅱ类,27.9,6.66,6.38,53.9,90.0,2.22,0.186,0.077,1.86
Ⅳ类,29.7,6.47,4.04,157.4,46.4,6.27,0.223,0.138,1.8
Ⅱ类,29.8,6.89,6.09,180.7,17.8,2.11,0.057,0.038,1.44
Ⅳ类,28.9,6.64,4.76,96.2,27.0,1.86,0.051,0.054,1.43
Ⅲ类,29.2,6.91,6.47,105.7,33.5,2.07,0.115,0.106,1.23
Ⅳ类,29.1,6.57,4.95,101.6,45.0,3.51,0.166,0.181,2.23
Ⅲ类,29.0,6.77,6.08,132.2,47.4,2.27,0.089,0.105,1.62
Ⅳ类,30.2,6.73,3.55,235.6,20.3,4.34,0.379,0.179,2.02
Ⅲ类,28.6,7.3,5.06,168.2,12.4,1.51,0.009,0.043,1.33
Ⅱ类,28.3,7.58,7.41,172.4,30.4,1.28,0.005,0.054,1.74
Ⅱ类,27.1,7.91,7.93,204.7,14.8,0.73,0.001,0.052,1.42
Ⅴ类,29.9,7.02,2.91,346.8,2.1,3.37,1.506,0.181,4.57
Ⅴ类,29.7,6.53,2.07,263.2,60.0,1.83,0.134,0.107,2.69
Ⅳ类,29.5,7.18,3.38,380.8,43.0,2.77,1.246,0.232,5.37
Ⅳ类,29.6,6.75,3.15,155.7,17.9,1.93,0.15,0.081,1.87
Ⅲ类,28.3,7.5,5.6,247.9,73.4,2.78,0.109,0.089,2.74
Ⅲ类,28.6,7.03,6.11,111.6,69.2,3.79,0.187,0.154,2.31
Ⅴ类,30.9,7.05,2.66,872.6,13.2,3.59,0.174,0.087,2.89
Ⅴ类,29.2,6.73,2.5,130.7,39.9,2.57,0.727,0.134,2.82
Ⅱ类,27.8,7.67,6.85,238.1,92.1,2.3,0.078,0.06,2.99
Ⅱ类,27.6,7.46,6.68,225.7,85.5,3.06,0.009,0.064,4.07
Ⅱ类,28.3,7.83,7.13,290.7,13.3,1.07,0.003,0.036,2.49
Ⅱ类,28.7,7.72,7.24,313.5,32.6,1.48,0.037,0.084,4.47
Ⅲ类,27.1,7.87,5.58,304.8,28.5,1.47,0.085,0.029,2.14
Ⅱ类,29.0,7.77,8.08,340.8,18.3,1.62,0.028,0.032,3.33
Ⅱ类,27.2,7.66,6.39,299.6,38.3,1.14,0.002,0.039,2.18
Ⅱ类,26.4,7.7,8.67,194.9,89.6,1.76,0.072,0.041,2.16
Ⅳ类,26.1,7.42,8.64,174.5,298.0,6.55,0.006,0.101,4.92
Ⅱ类,26.6,7.45,8.37,83.0,74.8,2.91,0.062,0.025,1.77
Ⅱ类,24.6,7.54,6.91,176.2,30.5,2.33,0.004,0.076,1.57
Ⅱ类,23.5,7.17,8.89,46.2,58.7,1.07,0.002,0.026,1.06
Ⅱ类,27.4,7.47,8.62,189.2,52.9,1.53,0.044,0.067,1.82
Ⅴ类,26.5,6.81,7.83,63.6,566.4,4.82,0.134,0.335,2.03
Ⅲ类,28.8,7.07,6.5,159.4,42.3,4.42,0.056,0.155,3.19
Ⅳ类,28.1,6.66,4.46,281.2,49.9,4.87,0.337,0.252,2.82
劣Ⅵ类,26.4,6.69,6.18,111.7,230.9,6.72,0.254,0.447,2.6
Ⅱ类,26.3,6.52,7.96,42.9,33.8,1.65,0.114,0.07,0.99
Ⅲ类,27.4,6.48,7.63,46.0,72.9,2.89,0.276,0.102,2.07
Ⅲ类,27.8,6.26,6.81,60.2,277.7,3.22,0.099,0.102,2.51
劣Ⅵ类,27.0,5.91,7.19,62.5,95.4,2.1,0.049,0.083,1.1
Ⅲ类,27.5,7.36,6.89,182.0,335.6,4.09,0.226,0.083,1.33
劣Ⅵ类,28.2,6.36,1.21,373.8,81.2,6.11,1.411,0.339,3.63
Ⅱ类,27.3,7.3,7.2,259.3,108.6,3.25,0.073,0.066,4.43
Ⅱ类,28.3,7.04,6.68,117.1,28.9,1.91,0.042,0.083,2.05
Ⅳ类,27.8,7.11,6.94,175.9,45.3,3.39,0.003,0.204,3.26
Ⅱ类,24.6,8.29,9.35,362.6,18.1,0.86,0.022,0.038,1.99
Ⅱ类,25.2,7.79,6.51,269.9,21.2,1.49,0.095,0.053,1.65
Ⅱ类,25.6,7.41,8.94,194.8,66.3,2.84,0.069,0.082,2.44
Ⅲ类,26.5,7.82,6.89,184.8,124.1,2.04,0.16,0.118,1.7
Ⅱ类,26.2,7.76,8.34,302.1,35.3,2.39,0.034,0.034,2.76
Ⅱ类,24.1,8.03,6.92,333.2,4.3,0.43,0.028,0.005,2.14
Ⅰ类,24.1,7.8,8.46,342.3,23.1,0.97,0.01,0.018,1.9
Ⅱ类,27.0,7.68,7.73,198.9,162.2,2.63,0.006,0.078,2.48
Ⅱ类,26.7,7.8,6.82,265.4,106.2,1.36,0.009,0.05,3.67
Ⅲ类,31.7,7.01,5.63,114.7,4.8,3.73,0.057,0.085,1.17
Ⅱ类,32.1,7.04,6.48,98.6,10.0,2.77,0.01,0.064,1.09
Ⅱ类,31.5,7.15,7.54,135.5,30.5,2.24,0.034,0.029,2.85
Ⅱ类,30.0,6.8,7.64,104.6,38.9,1.84,0.01,0.032,2.24
Ⅳ类,32.3,7.16,4.51,285.9,24.9,4.21,0.003,0.066,0.83
Ⅱ类,29.7,6.76,7.02,62.6,30.8,2.3,0.01,0.046,0.72
Ⅳ类,33.1,7.12,6.76,181.2,24.0,6.55,0.12,0.096,1.54
Ⅱ类,30.1,6.95,6.76,73.9,8.1,1.07,0.006,0.022,1.3
Ⅱ类,31.2,6.81,6.23,123.3,18.5,2.63,0.135,0.052,1.08
Ⅳ类,32.6,6.71,3.5,154.6,25.9,4.58,0.413,0.171,2.46
Ⅳ类,30.3,8.98,19.37,24762.1,14.0,6.4,0.136,0.265,1.06
Ⅱ类,32.6,7.24,7.39,108.8,18.0,2.88,0.007,0.026,0.57
Ⅳ类,31.1,7.21,3.31,172.0,10.5,3.63,0.07,0.114,1.86
Ⅱ类,30.0,7.13,6.74,110.8,19.0,2.16,0.007,0.038,1.17
Ⅲ类,31.1,7.49,7.18,210.0,8.7,2.55,0.026,0.139,2.04
Ⅱ类,30.1,7.47,7.5,99.3,22.5,1.51,0.013,0.026,0.66
Ⅱ类,29.7,7.63,8.67,85.3,6.3,1.97,0.002,0.038,0.87
Ⅱ类,32.1,7.31,8.8,172.3,16.3,2.6,0.088,0.054,0.97
Ⅱ类,26.7,8.33,9.01,187.3,26.4,3.62,0.06,0.05,1.01
Ⅲ类,33.2,8.02,7.01,389.6,20.2,4.52,0.014,0.05,0.97
Ⅱ类,30.3,7.67,6.11,799.5,5.1,1.89,0.034,0.027,1.5
Ⅱ类,29.9,8.02,7.39,910.2,16.3,2.3,0.058,0.04,2.37
Ⅲ类,29.4,7.78,7.8,373.3,14.9,4.61,0.03,0.016,0.97
Ⅲ类,31.7,8.39,13.06,258.7,4.7,4.49,0.014,0.041,1.29
Ⅱ类,31.3,8.58,20.46,226.2,10.4,3.58,0.001,0.032,0.83
Ⅲ类,26.5,7.55,5.13,378.4,9.8,4.74,0.04,0.11,2.46
Ⅳ类,31.1,7.5,4.97,293.3,10.4,5.05,0.016,0.081,2.03
Ⅱ类,28.6,8.15,7.52,556.0,19.5,0.83,0.007,0.024,1.72
Ⅲ类,33.3,7.45,5.86,450.7,30.4,2.52,0.022,0.077,1.42
Ⅱ类,32.6,8.16,14.58,289.9,12.5,3.34,0.008,0.03,1.3
Ⅱ类,30.0,8.14,12.36,621.4,0.9,2.36,0.008,0.031,0.57
Ⅲ类,25.7,7.95,7.03,393.2,127.8,2.68,0.08,0.194,2.28
Ⅰ类,20.9,8.54,10.07,226.4,14.7,1.06,0.022,0.009,0.88
Ⅲ类,31.5,7.38,14.07,505.8,12.4,5.02,0.121,0.041,1.38
Ⅱ类,28.0,7.69,7.73,422.6,12.2,1.58,0.004,0.047,1.22
Ⅱ类,26.2,8.08,9.84,473.6,6.6,1.57,0.004,0.044,1.79
Ⅱ类,23.2,7.83,8.63,354.9,23.8,1.27,0.012,0.038,2.75
Ⅰ类,21.5,8.49,9.61,412.2,4.2,0.25,0.017,0.008,1.03
Ⅲ类,26.0,7.49,7.01,205.6,57.6,5.1,0.064,0.162,2.15
Ⅲ类,30.0,7.97,8.15,293.9,66.0,5.93,0.015,0.112,2.17
劣Ⅵ类,27.2,9.06,15.27,183.8,3.6,1.68,0.013,0.025,0.84
Ⅱ类,27.0,7.88,6.11,384.6,26.8,2.33,0.026,0.059,1.77
Ⅰ类,24.2,8.01,10.04,281.3,13.0,0.6,0.007,0.009,0.93
Ⅱ类,28.1,7.93,9.09,283.1,10.4,1.57,0.045,0.043,0.99
Ⅱ类,26.0,7.97,7.63,401.0,16.9,0.72,0.135,0.042,1.6
Ⅰ类,26.9,8.06,8.13,420.4,11.7,0.73,0.006,0.015,1.58
Ⅱ类,19.5,7.72,8.55,100.1,20.7,2.16,0.015,0.053,1.48
Ⅱ类,24.6,7.7,6.56,387.9,12.0,0.95,0.019,0.036,3.08
Ⅱ类,24.2,7.79,7.79,266.9,24.7,0.53,0.004,0.03,1.26
Ⅱ类,24.3,7.71,7.39,350.2,100.4,1.91,0.14,0.09,1.59
Ⅲ类,27.2,7.71,6.89,407.3,16.9,2.33,0.058,0.109,14.66
Ⅲ类,26.7,7.95,6.69,376.0,22.5,2.28,0.073,0.144,2.36
Ⅲ类,30.8,7.62,6.99,331.0,24.7,2.12,0.03,0.119,1.5
Ⅲ类,32.0,7.48,5.03,1165.1,17.5,5.06,0.021,0.128,0.99
Ⅲ类,30.4,7.65,7.02,390.0,25.8,2.14,0.033,0.124,2.71
Ⅱ类,21.6,8.25,7.26,757.7,19.4,2.37,0.002,0.018,1.33
Ⅰ类,19.2,7.56,8.4,250.2,27.2,1.21,0.045,0.015,0.57
Ⅰ类,19.9,7.94,7.98,195.0,11.3,0.48,0.006,0.011,0.63
Ⅴ类,30.7,7.23,2.67,313.1,23.3,5.33,0.039,0.074,0.77
Ⅲ类,32.7,7.85,6.14,449.6,16.1,2.23,0.004,0.131,1.65
Ⅱ类,28.1,8.34,8.29,416.5,3.3,1.17,0.014,0.025,4.03
Ⅲ类,32.6,7.6,5.33,463.2,8.9,4.67,0.108,0.098,1.86
Ⅲ类,32.6,7.46,6.52,462.5,17.4,2.05,0.025,0.118,2.2
Ⅱ类,30.9,7.82,6.63,392.3,7.1,1.24,0.021,0.032,2.54
Ⅰ类,28.8,8.27,8.52,147.8,66.1,1.33,0.004,0.015,1.01
Ⅱ类,28.3,7.91,7.27,451.7,21.4,1.33,0.042,0.096,2.04
Ⅲ类,31.6,7.61,5.87,473.1,6.2,4.51,0.017,0.154,0.56
Ⅰ类,23.7,7.74,8.01,270.1,64.3,1.37,0.003,0.012,1.21
Ⅱ类,28.1,8.7,7.75,248.3,4.0,1.74,0.003,0.013,0.2
Ⅰ类,19.9,8.44,9.17,272.7,55.8,1.06,0.004,0.017,1.47
Ⅱ类,28.4,7.9,7.42,356.8,10.3,2.33,0.001,0.012,0.84
Ⅱ类,22.8,8.16,7.48,338.5,69.0,2.12,0.014,0.005,1.88
Ⅰ类,24.0,8.08,8.01,337.7,17.4,1.21,0.008,0.017,1.23
Ⅱ类,28.6,8.06,6.09,373.3,9.8,1.39,0.017,0.016,1.02
Ⅲ类,24.2,8.14,8.01,379.3,17.3,4.24,0.005,0.029,0.57
Ⅱ类,31.2,8.39,10.52,331.0,6.1,2.26,0.003,0.014,0.58
Ⅲ类,25.2,7.72,7.75,278.4,143.7,2.63,0.273,0.121,1.97
Ⅲ类,34.2,7.8,5.35,440.6,8.2,3.24,0.123,0.07,0.49
Ⅳ类,31.8,7.59,4.67,563.9,10.5,4.75,0.09,0.155,2.09
Ⅱ类,22.3,8.03,8.17,223.0,196.6,2.92,0.009,0.071,3.98
Ⅱ类,23.1,7.63,7.7,216.4,80.9,2.4,0.002,0.087,3.16
Ⅲ类,26.3,7.5,6.95,288.4,28.0,3.49,0.069,0.106,4.25
Ⅰ类,30.1,8.22,8.84,413.9,9.4,1.6,0.019,0.013,1.2
Ⅲ类,27.1,7.69,6.2,377.2,32.0,1.95,0.01,0.156,1.94
Ⅱ类,25.7,7.93,6.71,347.2,31.2,1.91,0.005,0.076,2.57
Ⅱ类,21.0,7.99,8.47,214.0,76.3,1.22,0.004,0.068,1.51
Ⅳ类,32.3,7.73,3.72,596.6,11.8,3.99,0.094,0.098,0.83
Ⅱ类,22.0,7.41,8.04,240.2,197.6,3.05,0.241,0.078,2.69
Ⅲ类,23.0,7.87,7.4,239.2,212.9,3.76,0.017,0.122,2.09
Ⅱ类,23.3,8.28,7.58,391.2,74.0,1.75,0.002,0.053,2.65
Ⅱ类,31.8,7.71,6.77,586.5,28.5,2.21,0.007,0.067,2.17
Ⅰ类,23.4,8.11,7.87,488.6,8.0,0.61,0.01,0.012,0.85
Ⅱ类,29.3,7.7,6.28,497.6,5.1,3.37,0.041,0.059,0.49
Ⅲ类,33.5,8.31,8.64,434.3,15.3,3.68,0.031,0.142,0.6
Ⅱ类,31.3,8.01,7.97,373.6,3.9,1.75,0.014,0.026,1.19
Ⅱ类,31.9,7.99,7.14,373.0,14.6,1.21,0.018,0.026,1.21
Ⅱ类,31.1,7.92,6.28,260.7,5.2,2.36,0.019,0.039,0.97
Ⅱ类,30.1,8.08,9.08,386.0,5.0,2.93,0.051,0.046,1.14
Ⅱ类,16.6,8.16,8.33,196.5,80.3,1.67,0.001,0.03,3.23
Ⅲ类,28.4,7.65,7.38,314.0,58.8,3.22,0.106,0.128,2.32
Ⅲ类,27.9,7.72,7.1,316.0,58.0,2.25,0.011,0.119,2.29
Ⅳ类,30.4,7.64,3.52,541.0,86.8,4.78,0.035,0.171,0.59
Ⅲ类,32.8,7.7,6.62,412.3,138.5,5.16,0.016,0.096,0.31
Ⅰ类,15.7,8.39,9.06,353.9,55.5,0.86,0.023,0.013,0.61
Ⅰ类,14.0,8.17,8.24,206.9,25.8,0.53,0.004,0.011,0.4
Ⅱ类,11.8,8.43,7.27,251.3,13.0,0.86,0.01,0.007,0.41
劣Ⅵ类,16.1,8.15,7.12,1055.1,1148.2,7.86,1.199,0.499,4.52
Ⅱ类,23.1,7.7,7.09,280.6,124.6,2.04,0.112,0.091,2.54
Ⅱ类,23.2,7.68,6.5,223.7,159.7,2.38,0.357,0.088,4.67
Ⅱ类,27.4,8.63,8.49,308.6,4.7,2.6,0.006,0.02,0.37
Ⅱ类,24.6,7.62,8.96,428.1,1.1,1.45,0.017,0.047,1.98
Ⅱ类,27.4,8.96,12.58,335.5,14.0,2.46,0.063,0.022,2.36
Ⅲ类,24.0,7.98,7.76,611.0,6.0,2.13,0.079,0.171,4.74
Ⅱ类,27.8,7.9,7.01,453.8,4.0,1.29,0.0002,0.039,3.65
Ⅱ类,25.4,8.05,6.48,312.1,10.6,0.63,0.027,0.009,0.65
Ⅱ类,25.1,7.87,9.87,310.4,5.8,0.92,0.003,0.042,1.84
Ⅲ类,24.8,7.71,6.29,703.5,5.4,2.75,0.895,0.2,6.49
Ⅱ类,27.7,8.0,8.22,422.8,464.8,0.67,0.007,0.029,4.1
Ⅱ类,29.5,8.21,7.36,278.5,4.3,1.83,0.003,0.005,2.65
Ⅰ类,30.0,8.31,13.48,359.4,9.6,1.63,0.024,0.018,3.25
Ⅰ类,20.6,8.08,8.23,444.6,3.5,0.62,0.088,0.015,5.23
Ⅱ类,23.1,8.22,8.53,422.5,14.5,1.79,0.007,0.047,5.48
Ⅱ类,19.5,8.2,7.81,353.5,5.7,1.3,0.002,0.021,3.91
Ⅱ类,24.4,7.91,7.72,277.3,27.8,1.78,0.137,0.038,2.5
Ⅰ类,27.9,8.3,10.69,350.1,19.5,1.3,0.005,0.011,3.31
Ⅱ类,25.3,7.71,8.48,450.7,24.8,2.21,0.027,0.042,5.3
Ⅱ类,25.7,8.14,9.72,329.9,5.4,2.21,0.003,0.02,2.86
Ⅰ类,27.3,7.93,9.8,280.8,6.1,1.38,0.003,0.011,2.04
Ⅱ类,22.1,8.0,8.05,402.2,14.5,0.63,0.051,0.026,4.77
Ⅱ类,24.0,7.88,6.98,405.7,11.9,1.19,0.014,0.017,4.33
Ⅱ类,27.7,8.53,9.2,141.5,3.1,0.48,0.033,0.025,1.15
Ⅱ类,25.6,7.7,9.46,101.5,106.0,2.09,0.135,0.039,1.12
Ⅱ类,26.2,8.18,6.82,427.8,9.3,1.26,0.014,0.036,1.73
Ⅱ类,23.6,7.95,8.47,177.4,135.6,1.82,0.196,0.086,2.34
Ⅱ类,24.3,8.3,8.01,491.6,1.8,1.24,0.063,0.075,2.73
Ⅰ类,23.9,8.07,8.56,318.9,4.9,1.42,0.004,0.011,2.23
Ⅰ类,25.2,8.19,7.62,285.4,22.6,1.69,0.02,0.018,0.78
Ⅰ类,23.9,8.06,8.4,315.0,4.5,0.99,0.01,0.01,1.14
劣Ⅵ类,22.7,7.98,6.11,556.8,29.8,2.02,0.068,0.469,6.73
Ⅳ类,24.6,8.13,7.1,484.3,100.5,4.71,0.051,0.203,3.2
Ⅱ类,22.7,7.95,7.49,589.4,8.1,2.15,0.014,0.055,3.97
Ⅳ类,24.8,7.08,4.92,536.6,6.7,3.56,0.339,0.114,3.72
Ⅲ类,22.0,7.18,6.5,595.9,8.3,3.19,0.016,0.162,7.82
Ⅴ类,21.8,7.4,2.25,453.2,19.3,2.39,1.224,0.207,6.67
Ⅱ类,23.0,7.94,7.55,407.8,43.6,3.25,0.003,0.09,3.99
劣Ⅵ类,23.0,7.52,1.96,439.1,20.6,2.78,1.254,0.194,5.52
Ⅴ类,24.8,7.95,5.08,473.5,84.6,7.35,0.09,0.316,2.6
Ⅳ类,22.8,7.53,3.64,455.8,50.2,2.48,0.794,0.183,6.24
Ⅲ类,21.2,8.27,7.23,575.0,50.6,2.04,0.178,0.142,3.68
Ⅳ类,22.4,7.63,4.4,409.4,68.4,3.66,0.602,0.125,3.3
Ⅱ类,22.2,7.72,7.51,404.2,12.5,3.5,0.071,0.092,4.42
Ⅲ类,21.8,7.99,7.41,415.5,18.4,3.56,0.742,0.18,6.68
Ⅲ类,22.5,7.96,5.71,520.7,29.4,2.81,0.075,0.159,8.29
Ⅲ类,23.5,7.78,6.1,482.7,111.8,3.72,0.028,0.14,7.04
Ⅲ类,20.1,7.72,5.05,352.6,25.0,2.25,0.083,0.073,4.09
Ⅱ类,20.6,7.94,6.86,405.1,52.0,1.96,0.046,0.08,5.03
Ⅱ类,23.0,8.03,8.06,515.4,173.3,1.76,0.001,0.074,6.99
Ⅲ类,23.3,8.17,7.28,507.3,142.9,2.73,0.004,0.139,6.84
Ⅱ类,29.7,7.93,6.3,307.8,1872.0,1.64,0.007,0.037,1.99
Ⅳ类,23.2,7.7,5.43,531.2,72.8,3.18,0.012,0.214,5.98
Ⅰ类,20.7,8.14,9.07,294.7,1088.0,1.23,0.001,0.009,0.44
Ⅱ类,24.1,8.33,8.14,424.4,250.3,1.33,0.006,0.08,4.12
Ⅱ类,20.5,8.23,8.61,396.5,67.3,1.55,0.003,0.024,1.1
Ⅱ类,17.9,8.24,8.1,396.1,14.8,0.44,0.026,0.034,4.18
Ⅱ类,19.2,8.43,8.21,763.3,106.7,1.44,0.091,0.03,0.72
Ⅱ类,22.6,8.15,7.75,748.3,26.3,2.1,0.051,0.021,1.26
Ⅱ类,24.6,7.5,6.42,366.6,8.8,1.86,0.014,0.011,0.59
Ⅰ类,22.5,7.44,8.14,99.8,151.3,0.89,0.035,0.015,1.36
Ⅴ类,24.2,7.73,5.59,327.7,27.1,4.2,1.551,0.184,4.99
Ⅱ类,25.2,7.7,6.79,320.8,91.2,1.76,0.003,0.017,1.74
Ⅱ类,20.9,7.92,6.81,468.6,12.3,1.45,0.009,0.012,0.47
Ⅱ类,22.6,7.83,6.8,437.0,21.7,1.27,0.03,0.019,0.72
Ⅰ类,22.1,7.72,8.15,231.4,274.8,1.27,0.01,0.016,1.51
Ⅱ类,22.6,7.77,7.66,119.9,158.6,1.37,0.027,0.028,2.19
Ⅱ类,23.2,7.98,6.15,404.6,140.0,2.3,0.012,0.049,2.38
Ⅲ类,23.1,7.69,5.5,419.9,84.0,3.33,0.035,0.048,3.01
Ⅱ类,22.3,7.98,7.39,314.9,161.9,1.19,0.004,0.017,0.86
Ⅱ类,23.1,7.89,7.91,191.6,519.5,1.92,0.002,0.034,1.63
Ⅱ类,24.0,8.02,8.21,141.3,391.7,1.0,0.004,0.021,0.95
Ⅱ类,21.3,8.33,7.97,256.3,1518.7,1.65,0.007,0.029,1.18
Ⅱ类,23.5,7.77,6.06,342.9,137.7,3.46,0.006,0.088,2.24
Ⅱ类,22.9,6.67,7.61,93.8,147.6,1.77,0.015,0.021,2.27
Ⅱ类,21.8,7.97,8.84,190.0,76.9,1.5,0.004,0.078,1.32
Ⅰ类,19.6,8.34,7.5,444.5,27.0,1.11,0.029,0.004,0.63
Ⅱ类,14.9,7.81,6.4,203.1,77.8,1.48,0.079,0.053,0.56
Ⅱ类,15.1,7.92,6.56,148.1,118.2,1.3,0.082,0.044,0.28
Ⅱ类,28.8,8.33,9.12,275.7,49.0,3.78,0.012,0.064,3.1
Ⅱ类,26.3,7.83,8.8,1038.8,24.1,3.23,0.127,0.098,7.0
Ⅰ类,23.6,8.41,9.35,239.9,3.5,1.41,0.002,0.011,0.51
Ⅲ类,28.2,7.97,6.07,953.2,305.0,3.53,0.168,0.147,8.3
Ⅱ类,26.4,8.36,9.15,366.6,21.5,1.13,0.008,0.022,1.08
Ⅱ类,30.6,8.13,7.12,886.3,8.5,2.73,0.021,0.024,6.72
Ⅱ类,30.2,8.17,6.87,916.5,16.2,3.69,0.025,0.036,7.36
Ⅰ类,29.6,8.53,10.68,1451.6,6.2,1.79,0.009,0.015,3.01
Ⅱ类,27.8,8.55,10.05,792.3,67.7,2.74,0.073,0.059,1.05
Ⅲ类,30.4,8.13,6.2,1071.8,263.2,4.47,0.059,0.12,5.13
Ⅳ类,29.2,8.19,5.72,1607.0,1388.0,6.02,0.208,0.13,3.19
Ⅳ类,27.4,7.67,4.31,348.9,60.1,4.51,0.039,0.051,4.16
劣Ⅵ类,24.4,8.3,6.54,1004.3,2693.6,5.37,0.842,0.444,6.51
Ⅱ类,28.5,7.77,6.4,308.3,8.5,2.9,0.008,0.062,1.37
Ⅲ类,25.1,8.36,6.85,1249.4,232.1,4.43,0.397,0.119,4.11
Ⅱ类,24.8,8.54,9.73,997.4,15.3,2.12,0.022,0.016,1.89
Ⅳ类,22.9,8.27,6.86,762.5,216.9,4.25,0.04,0.219,4.05
Ⅱ类,28.2,7.83,6.53,241.8,2.3,2.13,0.02,0.022,0.95
Ⅱ类,29.3,7.82,6.84,247.4,6.4,2.62,0.033,0.021,1.02
Ⅱ类,31.0,8.69,10.28,219.0,9.7,1.65,0.014,0.014,0.77
Ⅰ类,22.4,8.14,8.6,389.2,12.5,1.27,0.016,0.014,1.0
Ⅱ类,15.6,8.18,8.24,501.3,217.5,2.48,0.213,0.04,1.52
Ⅳ类,20.6,8.39,7.26,859.2,679.6,2.63,0.071,0.211,4.21
Ⅱ类,14.8,8.49,9.14,537.3,246.9,0.93,0.056,0.05,2.06
Ⅱ类,18.9,8.24,6.88,708.9,18.3,1.96,0.003,0.029,1.8
Ⅱ类,18.0,8.24,7.44,574.2,422.3,1.51,0.067,0.023,1.91
Ⅱ类,19.0,8.25,7.1,613.2,210.3,2.66,0.147,0.032,2.58
Ⅱ类,21.6,8.18,7.37,1117.1,2334.1,2.08,0.023,0.062,8.59
Ⅱ类,25.7,8.39,7.02,979.3,3216.1,2.04,0.05,0.064,6.0
Ⅰ类,15.7,8.5,7.8,491.4,18.7,1.56,0.016,0.005,1.38
Ⅰ类,13.3,8.01,7.72,475.2,13.7,0.42,0.009,0.002,1.41
Ⅰ类,21.9,8.36,8.61,1185.6,4.5,0.46,0.004,0.004,2.43
Ⅳ类,26.5,8.54,7.31,935.0,323.3,3.25,0.005,0.207,3.75
Ⅱ类,17.3,8.27,7.19,967.6,29.9,3.09,0.186,0.083,3.91
Ⅱ类,15.7,8.32,8.19,593.1,36.9,3.38,0.168,0.074,3.36
Ⅱ类,20.2,8.57,7.09,944.2,101.7,2.49,0.097,0.075,3.74
Ⅰ类,16.7,8.5,7.75,532.9,19.5,0.9,0.002,0.01,0.92
Ⅱ类,17.5,8.49,7.32,507.3,16.0,2.87,0.095,0.038,1.17
Ⅱ类,12.1,8.31,7.69,479.9,78.5,1.45,0.007,0.069,1.4
Ⅰ类,10.1,8.21,7.98,467.1,6.4,0.88,0.006,0.004,0.7
Ⅲ类,10.9,8.37,6.56,732.3,98.7,0.42,0.013,0.104,0.67
Ⅱ类,10.8,8.2,7.07,660.1,73.0,1.47,0.004,0.029,0.77
Ⅳ类,23.9,8.45,7.98,1325.9,37.1,6.64,0.054,0.038,1.4
Ⅲ类,20.3,8.49,8.18,626.9,33.9,3.41,0.419,0.146,3.81
Ⅱ类,24.5,8.5,7.97,1690.0,89.0,3.29,0.052,0.03,1.43
Ⅲ类,23.1,8.38,9.24,7571.1,26.9,4.01,0.18,0.049,20.1
Ⅲ类,20.4,9.0,5.64,3254.1,5.6,0.62,0.376,0.002,0.57
Ⅰ类,18.5,8.34,8.72,307.4,17.0,1.0,0.007,0.014,0.81
Ⅱ类,26.4,8.22,6.27,1084.8,5.8,2.58,0.009,0.01,0.6
Ⅱ类,20.7,7.95,7.36,364.7,2067.2,1.61,0.007,0.009,0.32
Ⅱ类,19.4,7.64,6.64,250.2,6.4,0.57,0.006,0.007,0.71
Ⅳ类,21.8,7.85,4.03,1087.7,3.6,1.38,0.055,0.022,0.67
Ⅰ类,18.7,7.9,8.31,240.4,11.4,1.09,0.002,0.012,1.27
Ⅲ类,21.7,7.7,5.12,384.8,10.3,0.63,0.01,0.013,1.88
Ⅰ类,21.8,7.33,7.95,60.6,6.3,0.88,0.006,0.005,0.19
Ⅱ类,24.8,7.73,7.33,79.4,13.7,1.0,0.001,0.008,0.37
Ⅱ类,25.5,8.51,8.95,154.6,10.5,2.17,0.021,0.024,0.83
Ⅰ类,24.2,7.11,9.25,226.8,0.0007,0.65,0.001,0.005,0.74
